{"type":"FeatureCollection","features":[{"type":"Feature","properties":{"featurecla":"Admin-0 country","scalerank":4,"LABELRANK":3,"SOVEREIGNT":"Thailand","SOV_A3":"THA","ADM0_DIF":0,"LEVEL":2,"TYPE":"Sovereign country","TLC":"1","ADMIN":"Thailand","ADM0_A3":"THA","GEOU_DIF":0,"GEOUNIT":"Thailand","GU_A3":"THA","SU_DIF":0,"SUBUNIT":"Thailand","SU_A3":"THA","BRK_DIFF":0,"NAME":"Thailand","NAME_LONG":"Thailand","BRK_A3":"THA","BRK_NAME":"Thailand","BRK_GROUP":null,"ABBREV":"Thai.","POSTAL":"TH","FORMAL_EN":"Kingdom of Thailand","FORMAL_FR":null,"NAME_CIAWF":"Thailand","NOTE_ADM0":null,"NOTE_BRK":null,"NAME_SORT":"Thailand","NAME_ALT":null,"MAPCOLOR7":3,"MAPCOLOR8":6,"MAPCOLOR9":8,"MAPCOLOR13":1,"POP_EST":69625582,"POP_RANK":16,"POP_YEAR":2019,"GDP_MD":543548,"GDP_YEAR":2019,"ECONOMY":"5. Emerging region: G20","INCOME_GRP":"3. Upper middle income","FIPS_10":"TH","ISO_A2":"TH","ISO_A2_EH":"TH","ISO_A3":"THA","ISO_A3_EH":"THA","ISO_N3":"764","ISO_N3_EH":"764","UN_A3":"764","WB_A2":"TH","WB_A3":"THA","WOE_ID":23424960,"WOE_ID_EH":23424960,"WOE_NOTE":"Exact WOE match as country","ADM0_ISO":"THA","ADM0_DIFF":null,"ADM0_TLC":"THA","ADM0_A3_US":"THA","ADM0_A3_FR":"THA","ADM0_A3_RU":"THA","ADM0_A3_ES":"THA","ADM0_A3_CN":"THA","ADM0_A3_TW":"THA","ADM0_A3_IN":"THA","ADM0_A3_NP":"THA","ADM0_A3_PK":"THA","ADM0_A3_DE":"THA","ADM0_A3_GB":"THA","ADM0_A3_BR":"THA","ADM0_A3_IL":"THA","ADM0_A3_PS":"THA","ADM0_A3_SA":"THA","ADM0_A3_EG":"THA","ADM0_A3_MA":"THA","ADM0_A3_PT":"THA","ADM0_A3_AR":"THA","ADM0_A3_JP":"THA","ADM0_A3_KO":"THA","ADM0_A3_VN":"THA","ADM0_A3_TR":"THA","ADM0_A3_ID":"THA","ADM0_A3_PL":"THA","ADM0_A3_GR":"THA","ADM0_A3_IT":"THA","ADM0_A3_NL":"THA","ADM0_A3_SE":"THA","ADM0_A3_BD":"THA","ADM0_A3_UA":"THA","ADM0_A3_UN":-99,"ADM0_A3_WB":-99,"CONTINENT":"Asia","REGION_UN":"Asia","SUBREGION":"South-Eastern Asia","REGION_WB":"East Asia & Pacific","NAME_LEN":8,"LONG_LEN":8,"ABBREV_LEN":5,"TINY":-99,"HOMEPART":1,"MIN_ZOOM":0,"MIN_LABEL":2.7,"MAX_LABEL":8,"LABEL_X":101.073198,"LABEL_Y":15.45974,"NE_ID":1159321305,"WIKIDATAID":"Q869","NAME_AR":"تايلاند","NAME_BN":"থাইল্যান্ড","NAME_DE":"Thailand","NAME_EN":"Thailand","NAME_ES":"Tailandia","NAME_FA":"تایلند","NAME_FR":"Thaïlande","NAME_EL":"Ταϊλάνδη","NAME_HE":"תאילנד","NAME_HI":"थाईलैण्ड","NAME_HU":"Thaiföld","NAME_ID":"Thailand","NAME_IT":"Thailandia","NAME_JA":"タイ王国","NAME_KO":"태국","NAME_NL":"Thailand","NAME_PL":"Tajlandia","NAME_PT":"Tailândia","NAME_RU":"Таиланд","NAME_SV":"Thailand","NAME_TR":"Tayland","NAME_UK":"Таїланд","NAME_UR":"تھائی لینڈ","NAME_VI":"Thái Lan","NAME_ZH":"泰国","NAME_ZHT":"泰國","FCLASS_ISO":"Admin-0 country","TLC_DIFF":null,"FCLASS_TLC":"Admin-0 country","FCLASS_US":null,"FCLASS_FR":null,"FCLASS_RU":null,"FCLASS_ES":null,"FCLASS_CN":null,"FCLASS_TW":null,"FCLASS_IN":null,"FCLASS_NP":null,"FCLASS_PK":null,"FCLASS_DE":null,"FCLASS_GB":null,"FCLASS_BR":null,"FCLASS_IL":null,"FCLASS_PS":null,"FCLASS_SA":null,"FCLASS_EG":null,"FCLASS_MA":null,"FCLASS_PT":null,"FCLASS_AR":null,"FCLASS_JP":null,"FCLASS_KO":null,"FCLASS_VN":null,"FCLASS_TR":null,"FCLASS_ID":null,"FCLASS_PL":null,"FCLASS_GR":null,"FCLASS_IT":null,"FCLASS_NL":null,"FCLASS_SE":null,"FCLASS_BD":null,"FCLASS_UA":null},"bbox":[97.373926,5.636768,105.641016,20.424414],"geometry":{"type":"MultiPolygon","coordinates":[[[[102.606445,11.676514],[102.589941,11.572168],[102.532813,11.614941],[102.546484,11.667773],[102.568945,11.691699],[102.606445,11.676514]]],[[[102.426758,11.988721],[102.42998,11.964746],[102.378125,11.982959],[102.359961,11.974414],[102.301953,11.980811],[102.27334,12.119336],[102.277441,12.151855],[102.318848,12.14165],[102.378125,12.072852],[102.408398,12.025098],[102.426758,11.988721]]],[[[98.409082,7.902051],[98.398438,7.828418],[98.357422,7.829443],[98.315625,7.782324],[98.296289,7.776074],[98.262305,7.926074],[98.301367,8.13623],[98.32207,8.166309],[98.350977,8.110645],[98.434961,8.085645],[98.398828,7.964551],[98.409082,7.902051]]],[[[100.122461,20.31665],[100.114941,20.257666],[100.139746,20.24541],[100.174121,20.272754],[100.218066,20.3396],[100.266016,20.377295],[100.317969,20.385889],[100.373145,20.340381],[100.431543,20.240723],[100.491602,20.184082],[100.519531,20.17793],[100.539941,20.132373],[100.543066,20.088672],[100.514551,19.996338],[100.466211,19.888916],[100.397656,19.756104],[100.420117,19.644482],[100.513574,19.553467],[100.625488,19.499854],[100.743945,19.514746],[100.806836,19.541943],[100.858203,19.585059],[100.906055,19.605371],[100.966504,19.610791],[101.154688,19.579199],[101.211914,19.54834],[101.220801,19.486621],[101.197559,19.32793],[101.226562,19.211523],[101.279883,19.088916],[101.286328,18.977148],[101.220508,18.792773],[101.165527,18.618311],[101.106348,18.533545],[101.060449,18.479004],[101.046973,18.441992],[101.050586,18.407031],[101.092773,18.354541],[101.1375,18.286865],[101.14873,18.222168],[101.143945,18.142627],[101.113281,18.033545],[100.999023,17.797168],[100.908496,17.583887],[100.955859,17.541113],[101.045703,17.509961],[101.105176,17.479541],[101.16748,17.499023],[101.299707,17.625],[101.413672,17.71875],[101.555078,17.812354],[101.563672,17.820508],[101.6875,17.889404],[101.744141,17.952686],[101.774805,18.033398],[101.818652,18.064648],[101.875488,18.046436],[101.947461,18.081494],[102.03457,18.169824],[102.101465,18.210645],[102.148242,18.203857],[102.231641,18.148975],[102.351855,18.045947],[102.458789,17.984619],[102.552539,17.965088],[102.598242,17.926758],[102.596094,17.869629],[102.616797,17.83335],[102.660645,17.817969],[102.680078,17.824121],[102.675195,17.851758],[102.717578,17.892236],[102.807422,17.945557],[102.898633,17.976904],[102.991406,17.98623],[103.051367,18.028516],[103.091211,18.138232],[103.148535,18.221729],[103.199707,18.259473],[103.263184,18.278467],[103.27959,18.30498],[103.248926,18.338965],[103.251758,18.373486],[103.288281,18.408398],[103.366992,18.42334],[103.487988,18.418164],[103.629687,18.382568],[103.792285,18.316504],[103.898828,18.295313],[103.949609,18.318994],[104.04873,18.216699],[104.196191,17.988379],[104.322656,17.81582],[104.428125,17.698975],[104.539258,17.609277],[104.655859,17.546729],[104.739648,17.46167],[104.816016,17.300293],[104.758984,17.077148],[104.743555,16.884375],[104.750586,16.647559],[104.819336,16.466064],[104.949902,16.339941],[105.025781,16.237988],[105.047168,16.160254],[105.14873,16.093555],[105.330664,16.037891],[105.40625,15.987451],[105.375586,15.942188],[105.373242,15.889697],[105.398926,15.829883],[105.462012,15.78042],[105.562402,15.74126],[105.62207,15.699951],[105.641016,15.656543],[105.638867,15.585938],[105.615625,15.488281],[105.57373,15.413232],[105.513184,15.360889],[105.505859,15.319629],[105.49043,15.256592],[105.49043,15.127588],[105.533398,15.041602],[105.54668,14.932471],[105.523047,14.843311],[105.500195,14.66123],[105.497363,14.590674],[105.475586,14.530127],[105.422656,14.471631],[105.342188,14.416699],[105.243652,14.367871],[105.183301,14.34624],[105.169141,14.336084],[105.125977,14.280957],[105.074121,14.227441],[105.033691,14.227393],[105.003418,14.254443],[104.982422,14.289453],[104.969727,14.366113],[104.878809,14.404004],[104.779004,14.427832],[104.575781,14.390039],[104.411621,14.36958],[104.227734,14.395508],[104.054297,14.362744],[103.981836,14.35791],[103.898633,14.362793],[103.818359,14.362158],[103.741895,14.37417],[103.600391,14.421094],[103.546387,14.417432],[103.432422,14.378613],[103.313477,14.351318],[103.199414,14.332617],[103.031055,14.252539],[102.909277,14.136719],[102.873242,14.054883],[102.812793,13.972461],[102.728906,13.841895],[102.62041,13.716943],[102.544727,13.659961],[102.565527,13.626367],[102.546875,13.585693],[102.428516,13.567578],[102.336328,13.560303],[102.319727,13.53999],[102.330762,13.288232],[102.362988,13.192969],[102.422656,13.077979],[102.461719,13.015039],[102.490723,12.82832],[102.499609,12.669971],[102.629687,12.569922],[102.70332,12.493506],[102.755664,12.42627],[102.737402,12.383398],[102.70625,12.255664],[102.736621,12.089795],[102.918066,11.73208],[102.933887,11.706689],[102.912305,11.703857],[102.883691,11.772754],[102.791602,11.888623],[102.762988,12.012451],[102.654883,12.148828],[102.594141,12.203027],[102.574805,12.157812],[102.540234,12.109229],[102.434082,12.179248],[102.343164,12.252588],[102.259082,12.394336],[102.248438,12.361426],[102.22959,12.331641],[102.13418,12.443018],[102.034375,12.531885],[101.944531,12.563672],[101.889063,12.593262],[101.835742,12.640381],[101.723633,12.689355],[101.444922,12.618945],[101.090234,12.673633],[100.953711,12.62124],[100.897754,12.653809],[100.863281,12.714502],[100.896387,12.818164],[100.903906,13.034912],[100.946094,13.187256],[100.92627,13.303027],[100.946973,13.357568],[100.962695,13.431982],[100.906543,13.462402],[100.656055,13.521289],[100.60293,13.568164],[100.536426,13.514453],[100.235645,13.484473],[100.122363,13.439551],[100.01748,13.353174],[99.990527,13.243457],[100.051074,13.17124],[100.089941,13.045654],[99.982031,12.771484],[99.963965,12.690039],[100.005664,12.354736],[99.989062,12.170801],[99.930273,12.047461],[99.837109,11.936621],[99.79873,11.748779],[99.725488,11.661768],[99.627344,11.462891],[99.561328,11.215186],[99.514355,11.100586],[99.486914,10.889551],[99.284766,10.569141],[99.237305,10.388135],[99.165039,10.319824],[99.190332,10.265869],[99.194629,10.175439],[99.169336,9.93418],[99.160742,9.734033],[99.191309,9.627148],[99.288281,9.4146],[99.265039,9.352979],[99.253906,9.265234],[99.335449,9.225439],[99.393848,9.213721],[99.723828,9.314209],[99.835547,9.288379],[99.877539,9.194629],[99.904688,9.112891],[99.960645,8.67124],[99.989551,8.589209],[100.05625,8.511133],[100.129297,8.428076],[100.154102,8.442969],[100.158887,8.473779],[100.163477,8.508398],[100.228711,8.424707],[100.279395,8.268506],[100.453516,7.442285],[100.503711,7.337305],[100.545215,7.226904],[100.439355,7.280762],[100.410742,7.464307],[100.380371,7.541504],[100.342969,7.552881],[100.283789,7.551514],[100.27998,7.584326],[100.324316,7.644189],[100.317383,7.715967],[100.256641,7.774902],[100.158203,7.728125],[100.160742,7.599268],[100.204883,7.500537],[100.371387,7.280127],[100.423535,7.187842],[100.489746,7.161377],[100.58623,7.175977],[100.70166,7.081982],[100.792578,6.994678],[101.017871,6.860937],[101.154395,6.875146],[101.301953,6.908301],[101.400879,6.899561],[101.497949,6.865283],[101.614258,6.753955],[101.799219,6.474609],[102.101074,6.242236],[102.068359,6.184668],[102.055176,6.09668],[101.936133,5.979346],[101.917188,5.911377],[101.873633,5.825293],[101.790723,5.779346],[101.719531,5.770605],[101.678418,5.778809],[101.65,5.795996],[101.601367,5.877148],[101.576758,5.902002],[101.556055,5.907764],[101.404199,5.85166],[101.257031,5.789355],[101.229785,5.733691],[101.190625,5.66875],[101.147656,5.643066],[101.113965,5.636768],[101.081738,5.674902],[101.025195,5.724512],[100.981641,5.771045],[100.992773,5.846191],[101.075586,5.956494],[101.086523,6.033691],[101.075977,6.166064],[101.053516,6.242578],[101.029395,6.245312],[100.98877,6.257666],[100.873926,6.24541],[100.816504,6.331641],[100.79375,6.426172],[100.754492,6.460059],[100.715625,6.480664],[100.629492,6.447998],[100.563867,6.467529],[100.34541,6.549902],[100.261426,6.682715],[100.216602,6.686621],[100.176758,6.671826],[100.16123,6.641602],[100.137988,6.488672],[100.119141,6.441992],[99.868652,6.749902],[99.695996,6.87666],[99.720313,7.106201],[99.667773,7.150879],[99.602441,7.155322],[99.553027,7.218799],[99.596973,7.355615],[99.529102,7.329492],[99.435156,7.334375],[99.358594,7.372217],[99.300391,7.561328],[99.263672,7.619043],[99.183398,7.718066],[99.077637,7.718066],[99.042676,7.765625],[99.051074,7.887842],[98.973926,7.962793],[98.872461,8.023926],[98.788672,8.059814],[98.703516,8.256738],[98.636328,8.305029],[98.579199,8.344287],[98.499805,8.317822],[98.474023,8.246924],[98.420996,8.178223],[98.360742,8.186963],[98.305469,8.226221],[98.238184,8.423096],[98.226953,8.543652],[98.241797,8.767871],[98.325977,8.968945],[98.371387,9.290527],[98.443164,9.492822],[98.492969,9.561426],[98.561914,9.8375],[98.702539,10.190381],[98.718457,10.266016],[98.746875,10.35083],[98.768359,10.430859],[98.775391,10.557031],[98.757227,10.623584],[98.757227,10.660937],[98.786914,10.708447],[98.887109,10.78833],[99.025391,10.919971],[99.190137,11.105273],[99.358789,11.389453],[99.442676,11.554395],[99.47793,11.6125],[99.515234,11.630664],[99.572852,11.687158],[99.6125,11.749658],[99.614746,11.781201],[99.522949,12.089648],[99.462891,12.190234],[99.432422,12.309033],[99.416309,12.394824],[99.394238,12.473633],[99.405078,12.5479],[99.371973,12.594238],[99.297363,12.652881],[99.219824,12.739746],[99.173535,12.881934],[99.173535,12.961328],[99.123926,13.030762],[99.107422,13.103516],[99.137109,13.172998],[99.176172,13.233057],[99.17168,13.496924],[99.156055,13.575781],[99.136816,13.716699],[99.08623,13.822754],[99.014648,13.947168],[98.933594,14.049854],[98.721191,14.235742],[98.57002,14.359912],[98.49502,14.4729],[98.400195,14.602979],[98.332129,14.696484],[98.245996,14.814746],[98.202148,14.975928],[98.17793,15.147412],[98.191016,15.204102],[98.232227,15.241357],[98.286133,15.271582],[98.329395,15.278564],[98.452148,15.357373],[98.537305,15.350684],[98.556934,15.367676],[98.565234,15.403564],[98.554492,15.559766],[98.558203,15.768604],[98.574023,15.938623],[98.592383,16.050684],[98.817969,16.180811],[98.865527,16.237061],[98.888477,16.298096],[98.888281,16.351904],[98.869336,16.394189],[98.835449,16.417578],[98.689258,16.30542],[98.660742,16.33042],[98.593652,16.514795],[98.564746,16.570947],[98.523145,16.638184],[98.478125,16.732227],[98.471191,16.89502],[98.438867,16.975684],[98.256543,17.147656],[98.174609,17.239893],[98.063086,17.373291],[97.929297,17.533301],[97.792969,17.68125],[97.729102,17.77583],[97.706445,17.797119],[97.698535,17.833545],[97.739941,17.935303],[97.719727,18.037402],[97.651563,18.17373],[97.622461,18.258008],[97.632227,18.290332],[97.599316,18.302979],[97.523828,18.295898],[97.450781,18.359668],[97.380664,18.494287],[97.373926,18.517969],[97.39707,18.517529],[97.484961,18.494238],[97.515137,18.497754],[97.577344,18.528711],[97.671582,18.56123],[97.727734,18.572021],[97.745898,18.588184],[97.754004,18.620801],[97.706055,18.931787],[97.71416,18.996484],[97.803906,19.130469],[97.793555,19.265869],[97.816797,19.459961],[97.916406,19.592871],[97.991211,19.653711],[98.015039,19.749512],[98.049023,19.769727],[98.111035,19.762158],[98.239062,19.690674],[98.293652,19.687256],[98.371289,19.68916],[98.45498,19.694434],[98.493848,19.701318],[98.760645,19.771094],[98.819531,19.778467],[98.875781,19.76958],[98.916699,19.7729],[98.958008,19.804932],[98.987402,19.861377],[99.020703,20.041797],[99.039746,20.073633],[99.074219,20.099365],[99.130762,20.116602],[99.196875,20.115137],[99.283691,20.08042],[99.337891,20.078906],[99.399219,20.093457],[99.451563,20.118311],[99.485938,20.149854],[99.50166,20.187744],[99.4875,20.260645],[99.447949,20.352051],[99.458887,20.363037],[99.531641,20.342822],[99.638672,20.320459],[99.720117,20.325439],[99.77334,20.341309],[99.825195,20.384473],[99.890332,20.424414],[99.954297,20.41543],[100.003613,20.37959],[100.122461,20.31665]]],[[[100.074121,9.69668],[100.064453,9.67998],[100.025684,9.711719],[99.998047,9.747607],[99.983398,9.793555],[100.043457,9.79165],[100.073047,9.749121],[100.074121,9.69668]]],[[[100.070703,9.586035],[100.075293,9.529443],[100.053711,9.461426],[99.962402,9.421631],[99.93125,9.476074],[99.939551,9.559961],[99.953613,9.581006],[100.042969,9.576855],[100.070703,9.586035]]],[[[99.663086,6.521924],[99.644043,6.516113],[99.606641,6.596826],[99.654004,6.714111],[99.701367,6.570557],[99.663086,6.521924]]],[[[98.591992,7.933936],[98.57998,7.917041],[98.529395,8.108545],[98.604297,8.057324],[98.591992,7.933936]]],[[[98.30752,9.051465],[98.250781,9.04082],[98.258398,9.09541],[98.273633,9.129883],[98.301172,9.139111],[98.3125,9.080371],[98.30752,9.051465]]],[[[99.078418,7.591846],[99.104395,7.471289],[99.067871,7.495898],[99.037695,7.548486],[99.038086,7.625732],[99.045117,7.636523],[99.078418,7.591846]]]]}},{"type":"Feature","properties":{"featurecla":"Admin-0 country","scalerank":1,"LABELRANK":3,"SOVEREIGNT":"Taiwan","SOV_A3":"TWN","ADM0_DIF":0,"LEVEL":2,"TYPE":"Sovereign country","TLC":"1","ADMIN":"Taiwan","ADM0_A3":"TWN","GEOU_DIF":0,"GEOUNIT":"Taiwan","GU_A3":"TWN","SU_DIF":0,"SUBUNIT":"Taiwan","SU_A3":"TWN","BRK_DIFF":0,"NAME":"Taiwan","NAME_LONG":"Taiwan","BRK_A3":"TWN","BRK_NAME":"Taiwan","BRK_GROUP":null,"ABBREV":"Taiwan","POSTAL":"TW","FORMAL_EN":null,"FORMAL_FR":null,"NAME_CIAWF":"Taiwan","NOTE_ADM0":null,"NOTE_BRK":"Self admin.; Claimed by China","NAME_SORT":"Taiwan","NAME_ALT":null,"MAPCOLOR7":1,"MAPCOLOR8":5,"MAPCOLOR9":7,"MAPCOLOR13":2,"POP_EST":23568378,"POP_RANK":15,"POP_YEAR":2020,"GDP_MD":1127000,"GDP_YEAR":2016,"ECONOMY":"2. Developed region: nonG7","INCOME_GRP":"2. High income: nonOECD","FIPS_10":"TW","ISO_A2":"CN-TW","ISO_A2_EH":"TW","ISO_A3":"TWN","ISO_A3_EH":"TWN","ISO_N3":"158","ISO_N3_EH":"158","UN_A3":"-099","WB_A2":"-99","WB_A3":"-99","WOE_ID":23424971,"WOE_ID_EH":23424971,"WOE_NOTE":"Exact WOE match as country","ADM0_ISO":"TWN","ADM0_DIFF":null,"ADM0_TLC":"TWN","ADM0_A3_US":"TWN","ADM0_A3_FR":"TWN","ADM0_A3_RU":"CHN","ADM0_A3_ES":"TWN","ADM0_A3_CN":"CHN","ADM0_A3_TW":"TWN","ADM0_A3_IN":"TWN","ADM0_A3_NP":"CHN","ADM0_A3_PK":"CHN","ADM0_A3_DE":"TWN","ADM0_A3_GB":"TWN","ADM0_A3_BR":"TWN","ADM0_A3_IL":"TWN","ADM0_A3_PS":"TWN","ADM0_A3_SA":"TWN","ADM0_A3_EG":"CHN","ADM0_A3_MA":"CHN","ADM0_A3_PT":"TWN","ADM0_A3_AR":"TWN","ADM0_A3_JP":"TWN","ADM0_A3_KO":"TWN","ADM0_A3_VN":"TWN","ADM0_A3_TR":"TWN","ADM0_A3_ID":"CHN","ADM0_A3_PL":"TWN","ADM0_A3_GR":"TWN","ADM0_A3_IT":"TWN","ADM0_A3_NL":"TWN","ADM0_A3_SE":"TWN","ADM0_A3_BD":"CHN","ADM0_A3_UA":"TWN","ADM0_A3_UN":-99,"ADM0_A3_WB":-99,"CONTINENT":"Asia","REGION_UN":"Asia","SUBREGION":"Eastern Asia","REGION_WB":"East Asia & Pacific","NAME_LEN":6,"LONG_LEN":6,"ABBREV_LEN":6,"TINY":-99,"HOMEPART":1,"MIN_ZOOM":0,"MIN_LABEL":4.5,"MAX_LABEL":8,"LABEL_X":120.868204,"LABEL_Y":23.652408,"NE_ID":1159321335,"WIKIDATAID":"Q865","NAME_AR":"تايوان","NAME_BN":"তাইওয়ান","NAME_DE":"Republik China","NAME_EN":"Taiwan","NAME_ES":"República de China","NAME_FA":"تایوان","NAME_FR":"Taïwan","NAME_EL":"Δημοκρατία της Κίνας","NAME_HE":"טאיוואן","NAME_HI":"चीनी गणराज्य","NAME_HU":"Kínai Köztársaság","NAME_ID":"Taiwan","NAME_IT":"Taiwan","NAME_JA":"中華民国","NAME_KO":"중화민국","NAME_NL":"Taiwan","NAME_PL":"Republika Chińska","NAME_PT":"Taiwan","NAME_RU":"Тайвань","NAME_SV":"Taiwan","NAME_TR":"Çin Cumhuriyeti","NAME_UK":"Республіка Китай","NAME_UR":"تائیوان","NAME_VI":"Đài Loan","NAME_ZH":"中华民国","NAME_ZHT":"中華民國","FCLASS_ISO":"Admin-1 states provinces","TLC_DIFF":"1","FCLASS_TLC":"Admin-0 country","FCLASS_US":null,"FCLASS_FR":null,"FCLASS_RU":null,"FCLASS_ES":null,"FCLASS_CN":"Admin-1 states provinces","FCLASS_TW":"Admin-0 country","FCLASS_IN":null,"FCLASS_NP":"Admin-1 states provinces","FCLASS_PK":null,"FCLASS_DE":null,"FCLASS_GB":null,"FCLASS_BR":null,"FCLASS_IL":null,"FCLASS_PS":null,"FCLASS_SA":null,"FCLASS_EG":"Admin-1 states provinces","FCLASS_MA":"Admin-1 states provinces","FCLASS_PT":null,"FCLASS_AR":null,"FCLASS_JP":null,"FCLASS_KO":null,"FCLASS_VN":null,"FCLASS_TR":null,"FCLASS_ID":"Admin-1 states provinces","FCLASS_PL":null,"FCLASS_GR":null,"FCLASS_IT":null,"FCLASS_NL":null,"FCLASS_SE":null,"FCLASS_BD":"Admin-1 states provinces","FCLASS_UA":null},"bbox":[118.287305,21.925,121.929004,25.276904],"geometry":{"type":"MultiPolygon","coordinates":[[[[121.008789,22.620361],[120.946875,22.503076],[120.897363,22.37915],[120.877344,22.262207],[120.878418,22.141553],[120.864258,22.032666],[120.839844,21.925],[120.742773,21.956006],[120.690137,22.033105],[120.678027,22.159668],[120.607617,22.312549],[120.58125,22.356396],[120.479785,22.441895],[120.387598,22.484521],[120.316211,22.547607],[120.325586,22.542432],[120.272852,22.627441],[120.232813,22.71792],[120.150098,22.974902],[120.121582,23.037012],[120.083398,23.093701],[120.072461,23.149756],[120.085547,23.212061],[120.121191,23.305176],[120.142969,23.399072],[120.125391,23.526611],[120.132129,23.65293],[120.158984,23.709033],[120.629687,24.478516],[120.757422,24.642285],[120.835938,24.722656],[120.901563,24.813281],[120.964063,24.927979],[121.040625,25.032812],[121.09541,25.065088],[121.36543,25.15918],[121.449609,25.249023],[121.51709,25.276904],[121.593652,25.275342],[121.643066,25.232422],[121.687109,25.181592],[121.733301,25.154102],[121.852832,25.104443],[121.905176,25.056445],[121.929004,24.97373],[121.85625,24.895264],[121.820117,24.824512],[121.813379,24.746338],[121.826367,24.640527],[121.828027,24.534375],[121.737012,24.285254],[121.639355,24.130078],[121.613086,24.052734],[121.583398,23.860889],[121.526074,23.668262],[121.477148,23.424072],[121.397461,23.17251],[121.352246,23.067285],[121.295898,22.966602],[121.16123,22.776367],[121.008789,22.620361]]],[[[118.407422,24.522119],[118.451172,24.455566],[118.432715,24.414355],[118.295117,24.436328],[118.287305,24.476611],[118.339355,24.469141],[118.407422,24.522119]]]]}},{"type":"Feature","properties":{"featurecla":"Admin-0 country","scalerank":3,"LABELRANK":6,"SOVEREIGNT":"Singapore","SOV_A3":"SGP","ADM0_DIF":0,"LEVEL":2,"TYPE":"Sovereign country","TLC":"1","ADMIN":"Singapore","ADM0_A3":"SGP","GEOU_DIF":0,"GEOUNIT":"Singapore","GU_A3":"SGP","SU_DIF":0,"SUBUNIT":"Singapore","SU_A3":"SGP","BRK_DIFF":0,"NAME":"Singapore","NAME_LONG":"Singapore","BRK_A3":"SGP","BRK_NAME":"Singapore","BRK_GROUP":null,"ABBREV":"Sing.","POSTAL":"SG","FORMAL_EN":"Republic of Singapore","FORMAL_FR":null,"NAME_CIAWF":"Singapore","NOTE_ADM0":null,"NOTE_BRK":null,"NAME_SORT":"Singapore","NAME_ALT":null,"MAPCOLOR7":5,"MAPCOLOR8":3,"MAPCOLOR9":7,"MAPCOLOR13":3,"POP_EST":5703569,"POP_RANK":13,"POP_YEAR":2019,"GDP_MD":372062,"GDP_YEAR":2019,"ECONOMY":"6. Developing region","INCOME_GRP":"2. High income: nonOECD","FIPS_10":"SN","ISO_A2":"SG","ISO_A2_EH":"SG","ISO_A3":"SGP","ISO_A3_EH":"SGP","ISO_N3":"702","ISO_N3_EH":"702","UN_A3":"702","WB_A2":"SG","WB_A3":"SGP","WOE_ID":23424948,"WOE_ID_EH":23424948,"WOE_NOTE":"Exact WOE match as country","ADM0_ISO":"SGP","ADM0_DIFF":null,"ADM0_TLC":"SGP","ADM0_A3_US":"SGP","ADM0_A3_FR":"SGP","ADM0_A3_RU":"SGP","ADM0_A3_ES":"SGP","ADM0_A3_CN":"SGP","ADM0_A3_TW":"SGP","ADM0_A3_IN":"SGP","ADM0_A3_NP":"SGP","ADM0_A3_PK":"SGP","ADM0_A3_DE":"SGP","ADM0_A3_GB":"SGP","ADM0_A3_BR":"SGP","ADM0_A3_IL":"SGP","ADM0_A3_PS":"SGP","ADM0_A3_SA":"SGP","ADM0_A3_EG":"SGP","ADM0_A3_MA":"SGP","ADM0_A3_PT":"SGP","ADM0_A3_AR":"SGP","ADM0_A3_JP":"SGP","ADM0_A3_KO":"SGP","ADM0_A3_VN":"SGP","ADM0_A3_TR":"SGP","ADM0_A3_ID":"SGP","ADM0_A3_PL":"SGP","ADM0_A3_GR":"SGP","ADM0_A3_IT":"SGP","ADM0_A3_NL":"SGP","ADM0_A3_SE":"SGP","ADM0_A3_BD":"SGP","ADM0_A3_UA":"SGP","ADM0_A3_UN":-99,"ADM0_A3_WB":-99,"CONTINENT":"Asia","REGION_UN":"Asia","SUBREGION":"South-Eastern Asia","REGION_WB":"East Asia & Pacific","NAME_LEN":9,"LONG_LEN":9,"ABBREV_LEN":5,"TINY":3,"HOMEPART":1,"MIN_ZOOM":0,"MIN_LABEL":4,"MAX_LABEL":9,"LABEL_X":103.816925,"LABEL_Y":1.366587,"NE_ID":1159321247,"WIKIDATAID":"Q334","NAME_AR":"سنغافورة","NAME_BN":"সিঙ্গাপুর","NAME_DE":"Singapur","NAME_EN":"Singapore","NAME_ES":"Singapur","NAME_FA":"سنگاپور","NAME_FR":"Singapour","NAME_EL":"Σιγκαπούρη","NAME_HE":"סינגפור","NAME_HI":"सिंगापुर","NAME_HU":"Szingapúr","NAME_ID":"Singapura","NAME_IT":"Singapore","NAME_JA":"シンガポール","NAME_KO":"싱가포르","NAME_NL":"Singapore","NAME_PL":"Singapur","NAME_PT":"Singapura","NAME_RU":"Сингапур","NAME_SV":"Singapore","NAME_TR":"Singapur","NAME_UK":"Сінгапур","NAME_UR":"سنگاپور","NAME_VI":"Singapore","NAME_ZH":"新加坡","NAME_ZHT":"新加坡","FCLASS_ISO":"Admin-0 country","TLC_DIFF":null,"FCLASS_TLC":"Admin-0 country","FCLASS_US":null,"FCLASS_FR":null,"FCLASS_RU":null,"FCLASS_ES":null,"FCLASS_CN":null,"FCLASS_TW":null,"FCLASS_IN":null,"FCLASS_NP":null,"FCLASS_PK":null,"FCLASS_DE":null,"FCLASS_GB":null,"FCLASS_BR":null,"FCLASS_IL":null,"FCLASS_PS":null,"FCLASS_SA":null,"FCLASS_EG":null,"FCLASS_MA":null,"FCLASS_PT":null,"FCLASS_AR":null,"FCLASS_JP":null,"FCLASS_KO":null,"FCLASS_VN":null,"FCLASS_TR":null,"FCLASS_ID":null,"FCLASS_PL":null,"FCLASS_GR":null,"FCLASS_IT":null,"FCLASS_NL":null,"FCLASS_SE":null,"FCLASS_BD":null,"FCLASS_UA":null},"bbox":[103.650195,1.265381,103.996387,1.44707],"geometry":{"type":"Polygon","coordinates":[[[103.969727,1.331445],[103.819922,1.265381],[103.650195,1.325537],[103.705273,1.423437],[103.817969,1.44707],[103.908984,1.415967],[103.96084,1.392236],[103.996387,1.365234],[103.969727,1.331445]]]}},{"type":"Feature","properties":{"featurecla":"Admin-0 country","scalerank":1,"LABELRANK":3,"SOVEREIGNT":"Malaysia","SOV_A3":"MYS","ADM0_DIF":0,"LEVEL":2,"TYPE":"Sovereign country","TLC":"1","ADMIN":"Malaysia","ADM0_A3":"MYS","GEOU_DIF":0,"GEOUNIT":"Malaysia","GU_A3":"MYS","SU_DIF":0,"SUBUNIT":"Malaysia","SU_A3":"MYS","BRK_DIFF":0,"NAME":"Malaysia","NAME_LONG":"Malaysia","BRK_A3":"MYS","BRK_NAME":"Malaysia","BRK_GROUP":null,"ABBREV":"Malay.","POSTAL":"MY","FORMAL_EN":"Malaysia","FORMAL_FR":null,"NAME_CIAWF":"Malaysia","NOTE_ADM0":null,"NOTE_BRK":null,"NAME_SORT":"Malaysia","NAME_ALT":null,"MAPCOLOR7":2,"MAPCOLOR8":4,"MAPCOLOR9":3,"MAPCOLOR13":6,"POP_EST":31949777,"POP_RANK":15,"POP_YEAR":2019,"GDP_MD":364681,"GDP_YEAR":2019,"ECONOMY":"6. Developing region","INCOME_GRP":"3. Upper middle income","FIPS_10":"MY","ISO_A2":"MY","ISO_A2_EH":"MY","ISO_A3":"MYS","ISO_A3_EH":"MYS","ISO_N3":"458","ISO_N3_EH":"458","UN_A3":"458","WB_A2":"MY","WB_A3":"MYS","WOE_ID":23424901,"WOE_ID_EH":23424901,"WOE_NOTE":"Exact WOE match as country","ADM0_ISO":"MYS","ADM0_DIFF":null,"ADM0_TLC":"MYS","ADM0_A3_US":"MYS","ADM0_A3_FR":"MYS","ADM0_A3_RU":"MYS","ADM0_A3_ES":"MYS","ADM0_A3_CN":"MYS","ADM0_A3_TW":"MYS","ADM0_A3_IN":"MYS","ADM0_A3_NP":"MYS","ADM0_A3_PK":"MYS","ADM0_A3_DE":"MYS","ADM0_A3_GB":"MYS","ADM0_A3_BR":"MYS","ADM0_A3_IL":"MYS","ADM0_A3_PS":"MYS","ADM0_A3_SA":"MYS","ADM0_A3_EG":"MYS","ADM0_A3_MA":"MYS","ADM0_A3_PT":"MYS","ADM0_A3_AR":"MYS","ADM0_A3_JP":"MYS","ADM0_A3_KO":"MYS","ADM0_A3_VN":"MYS","ADM0_A3_TR":"MYS","ADM0_A3_ID":"MYS","ADM0_A3_PL":"MYS","ADM0_A3_GR":"MYS","ADM0_A3_IT":"MYS","ADM0_A3_NL":"MYS","ADM0_A3_SE":"MYS","ADM0_A3_BD":"MYS","ADM0_A3_UA":"MYS","ADM0_A3_UN":-99,"ADM0_A3_WB":-99,"CONTINENT":"Asia","REGION_UN":"Asia","SUBREGION":"South-Eastern Asia","REGION_WB":"East Asia & Pacific","NAME_LEN":8,"LONG_LEN":8,"ABBREV_LEN":6,"TINY":-99,"HOMEPART":1,"MIN_ZOOM":0,"MIN_LABEL":3,"MAX_LABEL":8,"LABEL_X":113.83708,"LABEL_Y":2.528667,"NE_ID":1159321083,"WIKIDATAID":"Q833","NAME_AR":"ماليزيا","NAME_BN":"মালয়েশিয়া","NAME_DE":"Malaysia","NAME_EN":"Malaysia","NAME_ES":"Malasia","NAME_FA":"مالزی","NAME_FR":"Malaisie","NAME_EL":"Μαλαισία","NAME_HE":"מלזיה","NAME_HI":"मलेशिया","NAME_HU":"Malajzia","NAME_ID":"Malaysia","NAME_IT":"Malaysia","NAME_JA":"マレーシア","NAME_KO":"말레이시아","NAME_NL":"Maleisië","NAME_PL":"Malezja","NAME_PT":"Malásia","NAME_RU":"Малайзия","NAME_SV":"Malaysia","NAME_TR":"Malezya","NAME_UK":"Малайзія","NAME_UR":"ملائیشیا","NAME_VI":"Malaysia","NAME_ZH":"马来西亚","NAME_ZHT":"馬來西亞","FCLASS_ISO":"Admin-0 country","TLC_DIFF":null,"FCLASS_TLC":"Admin-0 country","FCLASS_US":null,"FCLASS_FR":null,"FCLASS_RU":null,"FCLASS_ES":null,"FCLASS_CN":null,"FCLASS_TW":null,"FCLASS_IN":null,"FCLASS_NP":null,"FCLASS_PK":null,"FCLASS_DE":null,"FCLASS_GB":null,"FCLASS_BR":null,"FCLASS_IL":null,"FCLASS_PS":null,"FCLASS_SA":null,"FCLASS_EG":null,"FCLASS_MA":null,"FCLASS_PT":null,"FCLASS_AR":null,"FCLASS_JP":null,"FCLASS_KO":null,"FCLASS_VN":null,"FCLASS_TR":null,"FCLASS_ID":null,"FCLASS_PL":null,"FCLASS_GR":null,"FCLASS_IT":null,"FCLASS_NL":null,"FCLASS_SE":null,"FCLASS_BD":null,"FCLASS_UA":null},"bbox":[99.646289,0.861963,119.266309,7.35166],"geometry":{"type":"MultiPolygon","coordinates":[[[[100.119141,6.441992],[100.137988,6.488672],[100.16123,6.641602],[100.176758,6.671826],[100.216602,6.686621],[100.261426,6.682715],[100.34541,6.549902],[100.563867,6.467529],[100.629492,6.447998],[100.715625,6.480664],[100.754492,6.460059],[100.79375,6.426172],[100.816504,6.331641],[100.873926,6.24541],[100.98877,6.257666],[101.029395,6.245312],[101.053516,6.242578],[101.075977,6.166064],[101.086523,6.033691],[101.075586,5.956494],[100.992773,5.846191],[100.981641,5.771045],[101.025195,5.724512],[101.081738,5.674902],[101.113965,5.636768],[101.147656,5.643066],[101.190625,5.66875],[101.229785,5.733691],[101.257031,5.789355],[101.404199,5.85166],[101.556055,5.907764],[101.576758,5.902002],[101.601367,5.877148],[101.65,5.795996],[101.678418,5.778809],[101.719531,5.770605],[101.790723,5.779346],[101.873633,5.825293],[101.917188,5.911377],[101.936133,5.979346],[102.055176,6.09668],[102.068359,6.184668],[102.101074,6.242236],[102.274023,6.203418],[102.340137,6.172021],[102.534375,5.862549],[102.790234,5.644922],[102.898535,5.56377],[102.982422,5.524951],[103.09707,5.408447],[103.196973,5.262158],[103.41582,4.850293],[103.453906,4.669482],[103.46875,4.393262],[103.420508,3.976855],[103.362012,3.769141],[103.37334,3.671094],[103.453516,3.520605],[103.429492,3.378564],[103.44502,3.260596],[103.439453,2.933105],[103.485156,2.836572],[103.537305,2.774756],[103.812207,2.580469],[103.832324,2.508496],[103.967773,2.26123],[104.218555,1.722852],[104.288477,1.480664],[104.280371,1.415576],[104.250098,1.388574],[104.176367,1.364893],[104.114941,1.412256],[104.094238,1.446191],[104.100586,1.48833],[104.076172,1.529785],[104.016016,1.579297],[103.981445,1.623633],[103.991211,1.550049],[103.991504,1.454785],[103.915137,1.44668],[103.816797,1.476562],[103.694531,1.449658],[103.549805,1.332812],[103.480273,1.329492],[103.427344,1.429834],[103.4,1.497852],[103.356836,1.546143],[102.896875,1.792334],[102.727148,1.855566],[102.548242,2.042383],[102.145605,2.248486],[101.889941,2.449414],[101.78125,2.573584],[101.519727,2.683643],[101.406836,2.813477],[101.351367,2.838965],[101.295508,2.885205],[101.354297,3.011133],[101.330176,3.14248],[101.299902,3.253271],[101.11543,3.472021],[101.024805,3.624707],[100.85127,3.776709],[100.781836,3.864453],[100.71543,3.966211],[100.757031,4.001807],[100.795508,4.023389],[100.760254,4.097217],[100.661035,4.225732],[100.614551,4.373437],[100.614551,4.652246],[100.473437,5.044287],[100.352637,5.587695],[100.374023,5.777979],[100.343262,5.98418],[100.263281,6.18252],[100.158398,6.324219],[100.119141,6.441992]]],[[[117.574414,4.170605],[117.537305,4.171387],[117.450879,4.192871],[117.277539,4.299316],[117.100586,4.337061],[116.843555,4.340137],[116.697852,4.35498],[116.638672,4.339111],[116.589063,4.338428],[116.553125,4.359863],[116.514746,4.370801],[116.414551,4.308203],[116.367676,4.327344],[116.320312,4.353711],[116.23623,4.362549],[116.134473,4.355176],[116.021582,4.290674],[115.896191,4.348682],[115.860742,4.348047],[115.836816,4.333301],[115.782422,4.25376],[115.678809,4.193018],[115.627539,4.081982],[115.596094,3.975537],[115.568457,3.93877],[115.560938,3.733057],[115.544531,3.633691],[115.570703,3.502295],[115.566113,3.445752],[115.519922,3.36167],[115.514258,3.342383],[115.489746,3.208643],[115.499121,3.173145],[115.493164,3.128125],[115.454395,3.034326],[115.38418,3.00874],[115.310156,2.993945],[115.246973,3.025928],[115.189941,2.974463],[115.117578,2.894873],[115.086328,2.841113],[115.086523,2.791211],[115.093652,2.757812],[115.078906,2.723437],[115.077051,2.687012],[115.080762,2.634229],[115.129883,2.612402],[115.180859,2.566895],[115.179102,2.523193],[115.150781,2.49292],[115.086523,2.446143],[114.969141,2.35083],[114.836328,2.269385],[114.786426,2.250488],[114.768359,2.212939],[114.758691,2.162402],[114.787988,2.051611],[114.81582,2.018945],[114.830566,1.980029],[114.812695,1.933789],[114.8,1.893945],[114.751074,1.868994],[114.703516,1.850781],[114.686133,1.819043],[114.660937,1.686279],[114.632227,1.617041],[114.56748,1.51416],[114.545898,1.467139],[114.5125,1.452002],[114.387109,1.500049],[114.274707,1.470898],[114.125977,1.452344],[114,1.455273],[113.902344,1.434277],[113.835254,1.379883],[113.760352,1.311377],[113.681641,1.260596],[113.622266,1.235937],[113.513184,1.308398],[113.458203,1.302148],[113.358984,1.327148],[113.12627,1.408105],[113.068652,1.431787],[113.006543,1.433887],[112.988281,1.457129],[112.998047,1.49624],[112.988281,1.547559],[112.942969,1.566992],[112.476172,1.559082],[112.341602,1.514746],[112.250684,1.479639],[112.185742,1.439062],[112.167383,1.338184],[112.128613,1.243604],[112.078516,1.143359],[111.923145,1.113281],[111.808984,1.01167],[111.769727,0.999463],[111.691309,1.014209],[111.607422,1.022607],[111.54668,0.994336],[111.483203,0.995752],[111.286719,1.043213],[111.101367,1.050537],[110.996094,1.026367],[110.938086,1.017334],[110.614746,0.878125],[110.505762,0.861963],[110.461426,0.88208],[110.399023,0.939062],[110.315234,0.995996],[110.114746,1.190137],[110.04082,1.235742],[109.991699,1.282568],[109.944922,1.338037],[109.878516,1.397852],[109.818066,1.438965],[109.735742,1.522949],[109.654004,1.614893],[109.63584,1.77666],[109.570801,1.806299],[109.548926,1.84834],[109.538965,1.896191],[109.628906,2.027539],[109.694336,1.88877],[109.719629,1.857812],[109.864844,1.764453],[109.98457,1.717627],[110.114062,1.698584],[110.245898,1.694727],[110.29834,1.701172],[110.349219,1.719727],[110.399512,1.699854],[110.675195,1.548047],[110.782031,1.52085],[110.894922,1.532471],[110.939941,1.517334],[111.098437,1.400879],[111.145215,1.386963],[111.223242,1.39585],[111.123438,1.449023],[111.058008,1.48667],[111.028711,1.557812],[111.046582,1.633643],[111.110156,1.684082],[111.154199,1.73877],[111.17002,1.902295],[111.198047,1.985107],[111.250879,2.063867],[111.268164,2.139746],[111.208887,2.197656],[111.195508,2.297168],[111.208594,2.379639],[111.242188,2.435742],[111.295898,2.398779],[111.351367,2.364453],[111.406152,2.367871],[111.443848,2.381543],[111.450781,2.424072],[111.44043,2.498096],[111.443262,2.634326],[111.5125,2.743018],[111.623242,2.817969],[111.727734,2.853809],[112.118848,2.914697],[112.737305,3.070459],[112.920508,3.130713],[112.987891,3.161914],[113.044727,3.205225],[113.140234,3.343506],[113.320117,3.561475],[113.446094,3.740576],[113.712109,4.001416],[113.923926,4.243213],[113.952539,4.288721],[113.987793,4.420703],[113.99043,4.482812],[113.984277,4.545801],[114.0125,4.575244],[114.053613,4.592871],[114.063867,4.592676],[114.095117,4.565234],[114.168848,4.526953],[114.224121,4.477881],[114.261035,4.414258],[114.287598,4.354736],[114.289648,4.304199],[114.322949,4.262793],[114.416602,4.255859],[114.44707,4.203564],[114.512207,4.113574],[114.571777,4.049072],[114.608301,4.023975],[114.654102,4.037646],[114.725,4.096533],[114.776172,4.168799],[114.810449,4.266504],[114.783496,4.280762],[114.831055,4.354492],[114.840234,4.393213],[114.818262,4.42876],[114.790137,4.463916],[114.779297,4.553027],[114.759961,4.666504],[114.74668,4.718066],[114.78418,4.754834],[114.864551,4.801758],[114.944727,4.85625],[115.026758,4.899707],[115.028809,4.821143],[115.026758,4.691357],[115.051562,4.582666],[115.107031,4.39043],[115.170605,4.364209],[115.24668,4.347217],[115.290625,4.352588],[115.319238,4.365283],[115.326758,4.380762],[115.279297,4.456348],[115.266699,4.633984],[115.22793,4.750586],[115.168457,4.866699],[115.140039,4.899756],[115.374902,4.932764],[115.427637,4.969189],[115.519824,5.048926],[115.554492,5.093555],[115.582031,5.194141],[115.466895,5.254102],[115.42168,5.330518],[115.419043,5.413184],[115.556445,5.566699],[115.603906,5.603418],[115.624512,5.548877],[115.685059,5.535107],[115.74082,5.533008],[115.796875,5.536133],[115.877148,5.613525],[115.918457,5.724951],[116.059766,5.882373],[116.110059,6.003271],[116.138379,6.129541],[116.494727,6.52168],[116.538281,6.582715],[116.749805,6.9771],[116.776172,6.990234],[116.833008,6.952051],[116.849805,6.826709],[116.841992,6.77207],[116.807715,6.691064],[116.788086,6.606104],[116.812402,6.60791],[116.913281,6.659668],[117.018555,6.797363],[117.07793,6.916846],[117.128516,6.968896],[117.229883,6.93999],[117.252441,6.919238],[117.245313,6.833398],[117.25498,6.783447],[117.294043,6.676904],[117.380371,6.612256],[117.499219,6.571484],[117.609668,6.512646],[117.645703,6.473682],[117.669629,6.426758],[117.69375,6.35],[117.695605,6.272314],[117.615918,6.196533],[117.649805,6.073584],[117.644531,6.001855],[117.617188,5.940723],[117.501172,5.884668],[117.817676,5.94043],[117.895801,5.972266],[118.003809,6.05332],[118.061719,5.983447],[118.11582,5.8625],[118.072266,5.83208],[117.934766,5.7875],[117.928027,5.769189],[117.973633,5.70625],[118.031152,5.712109],[118.144629,5.754199],[118.249121,5.820557],[118.299805,5.819727],[118.353125,5.806055],[118.456348,5.763428],[118.51416,5.728906],[118.563086,5.684521],[118.594824,5.59209],[118.713672,5.558545],[118.957324,5.429004],[119.002539,5.417822],[119.05,5.415234],[119.178418,5.430908],[119.223437,5.412646],[119.255566,5.365918],[119.266309,5.308105],[119.262793,5.245898],[119.249707,5.19873],[119.219629,5.159814],[119.132227,5.100488],[118.9125,5.0229],[118.67207,4.964062],[118.551367,4.968115],[118.381836,5.018506],[118.32002,5.012012],[118.260547,4.988867],[118.185352,4.828516],[118.324219,4.668701],[118.5625,4.502148],[118.595117,4.460645],[118.586328,4.409668],[118.54834,4.379248],[118.498047,4.362354],[118.364062,4.335742],[118.228711,4.316016],[118.117285,4.287598],[118.008203,4.250244],[117.895605,4.262939],[117.741016,4.337549],[117.696484,4.342822],[117.649805,4.304492],[117.603809,4.2],[117.574414,4.170605]]],[[[104.221582,2.731738],[104.17334,2.721338],[104.146875,2.728223],[104.129102,2.767236],[104.169824,2.856836],[104.184766,2.871729],[104.223242,2.774219],[104.221582,2.731738]]],[[[100.288965,5.294727],[100.26377,5.266992],[100.191016,5.282861],[100.203906,5.446875],[100.245508,5.467773],[100.310156,5.437939],[100.338867,5.410059],[100.288965,5.294727]]],[[[99.848047,6.465723],[99.918652,6.358594],[99.883398,6.31084],[99.86582,6.29707],[99.823242,6.312744],[99.782617,6.271582],[99.74375,6.263281],[99.704688,6.337549],[99.656641,6.367139],[99.646289,6.418359],[99.710547,6.427344],[99.749219,6.409619],[99.82168,6.44502],[99.848047,6.465723]]],[[[117.141602,7.168213],[117.080664,7.115283],[117.060156,7.178857],[117.064258,7.260693],[117.146875,7.337012],[117.264063,7.35166],[117.280762,7.290625],[117.266797,7.220801],[117.239355,7.184766],[117.141602,7.168213]]],[[[101.318555,2.988477],[101.268066,2.97041],[101.26543,2.996484],[101.274219,3.032812],[101.31123,3.067383],[101.328418,3.047607],[101.318555,2.988477]]],[[[111.389258,2.415332],[111.358691,2.402197],[111.311523,2.437598],[111.300391,2.741162],[111.333496,2.768311],[111.355078,2.764453],[111.37832,2.709326],[111.37627,2.576318],[111.380469,2.458936],[111.389258,2.415332]]],[[[117.884766,4.186133],[117.74541,4.166943],[117.649023,4.168994],[117.666797,4.204004],[117.662109,4.250195],[117.708008,4.262402],[117.761426,4.252344],[117.884766,4.186133]]]]}},{"type":"Feature","properties":{"featurecla":"Admin-0 country","scalerank":3,"LABELRANK":2,"SOVEREIGNT":"Japan","SOV_A3":"JPN","ADM0_DIF":0,"LEVEL":2,"TYPE":"Sovereign country","TLC":"1","ADMIN":"Japan","ADM0_A3":"JPN","GEOU_DIF":0,"GEOUNIT":"Japan","GU_A3":"JPN","SU_DIF":0,"SUBUNIT":"Japan","SU_A3":"JPN","BRK_DIFF":0,"NAME":"Japan","NAME_LONG":"Japan","BRK_A3":"JPN","BRK_NAME":"Japan","BRK_GROUP":null,"ABBREV":"Japan","POSTAL":"J","FORMAL_EN":"Japan","FORMAL_FR":null,"NAME_CIAWF":"Japan","NOTE_ADM0":null,"NOTE_BRK":null,"NAME_SORT":"Japan","NAME_ALT":null,"MAPCOLOR7":5,"MAPCOLOR8":3,"MAPCOLOR9":5,"MAPCOLOR13":4,"POP_EST":126264931,"POP_RANK":17,"POP_YEAR":2019,"GDP_MD":5081769,"GDP_YEAR":2019,"ECONOMY":"1. Developed region: G7","INCOME_GRP":"1. High income: OECD","FIPS_10":"JA","ISO_A2":"JP","ISO_A2_EH":"JP","ISO_A3":"JPN","ISO_A3_EH":"JPN","ISO_N3":"392","ISO_N3_EH":"392","UN_A3":"392","WB_A2":"JP","WB_A3":"JPN","WOE_ID":23424856,"WOE_ID_EH":23424856,"WOE_NOTE":"Exact WOE match as country","ADM0_ISO":"JPN","ADM0_DIFF":null,"ADM0_TLC":"JPN","ADM0_A3_US":"JPN","ADM0_A3_FR":"JPN","ADM0_A3_RU":"JPN","ADM0_A3_ES":"JPN","ADM0_A3_CN":"JPN","ADM0_A3_TW":"JPN","ADM0_A3_IN":"JPN","ADM0_A3_NP":"JPN","ADM0_A3_PK":"JPN","ADM0_A3_DE":"JPN","ADM0_A3_GB":"JPN","ADM0_A3_BR":"JPN","ADM0_A3_IL":"JPN","ADM0_A3_PS":"JPN","ADM0_A3_SA":"JPN","ADM0_A3_EG":"JPN","ADM0_A3_MA":"JPN","ADM0_A3_PT":"JPN","ADM0_A3_AR":"JPN","ADM0_A3_JP":"JPN","ADM0_A3_KO":"JPN","ADM0_A3_VN":"JPN","ADM0_A3_TR":"JPN","ADM0_A3_ID":"JPN","ADM0_A3_PL":"JPN","ADM0_A3_GR":"JPN","ADM0_A3_IT":"JPN","ADM0_A3_NL":"JPN","ADM0_A3_SE":"JPN","ADM0_A3_BD":"JPN","ADM0_A3_UA":"JPN","ADM0_A3_UN":-99,"ADM0_A3_WB":-99,"CONTINENT":"Asia","REGION_UN":"Asia","SUBREGION":"Eastern Asia","REGION_WB":"East Asia & Pacific","NAME_LEN":5,"LONG_LEN":5,"ABBREV_LEN":5,"TINY":-99,"HOMEPART":1,"MIN_ZOOM":0,"MIN_LABEL":1.7,"MAX_LABEL":7,"LABEL_X":138.44217,"LABEL_Y":36.142538,"NE_ID":1159320937,"WIKIDATAID":"Q17","NAME_AR":"اليابان","NAME_BN":"জাপান","NAME_DE":"Japan","NAME_EN":"Japan","NAME_ES":"Japón","NAME_FA":"ژاپن","NAME_FR":"Japon","NAME_EL":"Ιαπωνία","NAME_HE":"יפן","NAME_HI":"जापान","NAME_HU":"Japán","NAME_ID":"Jepang","NAME_IT":"Giappone","NAME_JA":"日本","NAME_KO":"일본","NAME_NL":"Japan","NAME_PL":"Japonia","NAME_PT":"Japão","NAME_RU":"Япония","NAME_SV":"Japan","NAME_TR":"Japonya","NAME_UK":"Японія","NAME_UR":"جاپان","NAME_VI":"Nhật Bản","NAME_ZH":"日本","NAME_ZHT":"日本","FCLASS_ISO":"Admin-0 country","TLC_DIFF":null,"FCLASS_TLC":"Admin-0 country","FCLASS_US":null,"FCLASS_FR":null,"FCLASS_RU":null,"FCLASS_ES":null,"FCLASS_CN":null,"FCLASS_TW":null,"FCLASS_IN":null,"FCLASS_NP":null,"FCLASS_PK":null,"FCLASS_DE":null,"FCLASS_GB":null,"FCLASS_BR":null,"FCLASS_IL":null,"FCLASS_PS":null,"FCLASS_SA":null,"FCLASS_EG":null,"FCLASS_MA":null,"FCLASS_PT":null,"FCLASS_AR":null,"FCLASS_JP":null,"FCLASS_KO":null,"FCLASS_VN":null,"FCLASS_TR":null,"FCLASS_ID":null,"FCLASS_PL":null,"FCLASS_GR":null,"FCLASS_IT":null,"FCLASS_NL":null,"FCLASS_SE":null,"FCLASS_BD":null,"FCLASS_UA":null},"bbox":[123.679785,24.266064,145.833008,45.509521],"geometry":{"type":"MultiPolygon","coordinates":[[[[133.370508,36.203857],[133.324707,36.166504],[133.239258,36.17876],[133.189941,36.232617],[133.206152,36.293408],[133.295703,36.340137],[133.38125,36.246387],[133.370508,36.203857]]],[[[138.344043,37.822119],[138.249023,37.81958],[138.225195,37.829395],[138.282813,37.854199],[138.287891,37.895801],[138.322266,37.969531],[138.32168,37.99082],[138.246191,37.99458],[138.25,38.078467],[138.306348,38.161133],[138.461328,38.291455],[138.503613,38.315918],[138.510059,38.258984],[138.462793,38.124316],[138.453613,38.075684],[138.575195,38.065527],[138.496973,37.903906],[138.344043,37.822119]]],[[[134.932813,34.288135],[134.824414,34.20293],[134.730664,34.208887],[134.683496,34.246973],[134.667871,34.294141],[134.757227,34.368164],[134.834277,34.472656],[134.904102,34.519092],[134.960742,34.544922],[135.004688,34.544043],[134.905469,34.398291],[134.932813,34.288135]]],[[[130.622754,30.262988],[130.508203,30.241406],[130.445605,30.264697],[130.388086,30.388184],[130.497168,30.465527],[130.643555,30.388965],[130.673242,30.366895],[130.622754,30.262988]]],[[[130.959766,30.396924],[130.872168,30.386328],[130.870313,30.444238],[130.939941,30.575098],[130.947363,30.671191],[131.012207,30.792285],[131.039844,30.818896],[131.060352,30.828467],[131.082617,30.790869],[131.057422,30.64248],[130.992578,30.52998],[130.959766,30.396924]]],[[[130.08252,32.229687],[130.003516,32.193994],[129.993359,32.228174],[129.960156,32.24375],[130.017285,32.291846],[130.015332,32.313672],[129.979297,32.346191],[130.021289,32.468848],[130.009766,32.521631],[130.167773,32.541211],[130.19668,32.491602],[130.199512,32.340576],[130.08252,32.229687]]],[[[129.279492,34.123389],[129.214453,34.082812],[129.186426,34.14502],[129.214844,34.320654],[129.337109,34.284766],[129.335059,34.230811],[129.279492,34.123389]]],[[[129.385645,34.353662],[129.365332,34.305518],[129.297461,34.3396],[129.266699,34.370459],[129.329395,34.521875],[129.32207,34.579297],[129.325879,34.607275],[129.451074,34.686572],[129.472461,34.671338],[129.480176,34.649463],[129.469141,34.615527],[129.475391,34.54043],[129.381445,34.416455],[129.385645,34.353662]]],[[[128.665332,32.783887],[128.704102,32.756885],[128.761035,32.772363],[128.806055,32.775977],[128.838574,32.762891],[128.879395,32.693311],[128.894531,32.652148],[128.821289,32.646338],[128.79043,32.636719],[128.750488,32.586133],[128.692969,32.604736],[128.657324,32.628418],[128.649121,32.662012],[128.665332,32.783887]]],[[[130.381055,32.42373],[130.292578,32.419336],[130.256055,32.431006],[130.241699,32.462793],[130.36543,32.527197],[130.461426,32.515723],[130.418555,32.457715],[130.381055,32.42373]]],[[[141.072754,45.332861],[141.033984,45.269336],[140.982129,45.36377],[140.97168,45.465479],[141.00166,45.464844],[141.056738,45.449561],[141.069922,45.4],[141.072754,45.332861]]],[[[141.29541,45.119336],[141.225977,45.112207],[141.145313,45.153906],[141.135352,45.206201],[141.19375,45.247852],[141.251855,45.232471],[141.310059,45.178564],[141.329199,45.150488],[141.29541,45.119336]]],[[[139.48125,42.081006],[139.458398,42.075635],[139.43457,42.084082],[139.411523,42.159668],[139.431348,42.199561],[139.495801,42.227441],[139.558398,42.235205],[139.505078,42.096387],[139.48125,42.081006]]],[[[134.351855,34.483643],[134.333203,34.46377],[134.315332,34.468945],[134.251855,34.423047],[134.238086,34.467041],[134.188281,34.496338],[134.182129,34.519238],[134.325977,34.534375],[134.372266,34.522363],[134.351855,34.483643]]],[[[139.456445,34.726514],[139.445703,34.679541],[139.392383,34.689893],[139.366895,34.720508],[139.37002,34.775439],[139.426172,34.775879],[139.456445,34.726514]]],[[[129.076953,32.840283],[129.051953,32.829492],[129.019629,32.919629],[128.997266,32.951855],[129.034961,32.969092],[129.109766,33.132568],[129.123633,33.067676],[129.152734,33.00332],[129.181934,32.993115],[129.153516,32.946191],[129.111621,32.928857],[129.076953,32.840283]]],[[[129.491797,33.223047],[129.421387,33.17583],[129.37041,33.176025],[129.416992,33.231104],[129.423145,33.257373],[129.461914,33.33125],[129.537988,33.357764],[129.569922,33.361035],[129.508105,33.284326],[129.491797,33.223047]]],[[[129.795703,33.748828],[129.726562,33.707324],[129.674805,33.739697],[129.7,33.828906],[129.717285,33.858398],[129.776367,33.829199],[129.795703,33.748828]]],[[[132.578418,34.115186],[132.549414,34.075098],[132.460938,34.087256],[132.496289,34.121973],[132.523535,34.164062],[132.543457,34.172656],[132.560156,34.126904],[132.578418,34.115186]]],[[[132.266016,33.945166],[132.314551,33.908594],[132.430469,33.923535],[132.444922,33.913184],[132.411035,33.879932],[132.359961,33.847021],[132.267285,33.871484],[132.208789,33.872852],[132.200586,33.927783],[132.208008,33.947803],[132.266016,33.945166]]],[[[129.717969,31.657129],[129.686816,31.639648],[129.706836,31.718262],[129.787305,31.787109],[129.793652,31.74248],[129.717969,31.657129]]],[[[142.188184,26.616504],[142.169922,26.615674],[142.107129,26.721533],[142.125293,26.726465],[142.161719,26.709961],[142.202148,26.648779],[142.188184,26.616504]]],[[[143.824316,44.116992],[143.949512,44.111914],[144.005469,44.11665],[144.101367,44.101562],[144.481836,43.949561],[144.59668,43.930225],[144.715234,43.927979],[144.798535,43.940234],[144.871875,43.981934],[145.101562,44.166162],[145.342773,44.333887],[145.369531,44.327393],[145.369629,44.281299],[145.351953,44.229785],[145.245215,44.076172],[145.126367,43.869385],[145.101074,43.764551],[145.139648,43.6625],[145.214063,43.578223],[145.272949,43.462891],[145.34082,43.302539],[145.436133,43.282227],[145.487891,43.279736],[145.583301,43.327783],[145.673633,43.388867],[145.75127,43.396289],[145.833008,43.385937],[145.725586,43.343457],[145.624219,43.291309],[145.537402,43.192676],[145.505078,43.174219],[145.404785,43.180273],[145.347461,43.176709],[145.230078,43.135498],[145.127148,43.088867],[145.028809,43.031641],[144.921387,43.000928],[144.807129,42.993701],[144.630762,42.946924],[144.516211,42.943604],[144.301563,42.984424],[144.197266,42.973633],[143.969336,42.881396],[143.762109,42.748145],[143.580957,42.59873],[143.429492,42.418896],[143.368652,42.325146],[143.332129,42.220361],[143.327148,42.151025],[143.313672,42.084326],[143.278711,42.037842],[143.236523,42.000195],[143.111719,42.022217],[142.906348,42.118359],[142.508203,42.257959],[142.087891,42.471729],[141.851367,42.579053],[141.406641,42.546924],[140.986133,42.342139],[140.948438,42.35957],[140.787598,42.5],[140.709766,42.555615],[140.616797,42.571338],[140.547656,42.569531],[140.480469,42.559375],[140.385449,42.487158],[140.350586,42.435107],[140.323535,42.376074],[140.315234,42.334277],[140.32666,42.293359],[140.416602,42.200732],[140.527539,42.131787],[140.577734,42.118652],[140.684277,42.123486],[140.733789,42.116357],[140.912305,41.977783],[141.107715,41.848047],[141.150977,41.805078],[141.078711,41.759814],[140.999512,41.737402],[140.90752,41.743262],[140.816406,41.7604],[140.659863,41.815576],[140.592969,41.768555],[140.48916,41.672168],[140.431641,41.567383],[140.384961,41.519287],[140.270117,41.456006],[140.148633,41.423242],[140.085156,41.434082],[140.036621,41.473779],[140.00918,41.521338],[139.995313,41.576416],[140.021289,41.695752],[140.08418,41.803223],[140.108398,41.912939],[140.056836,42.067334],[140.024121,42.099561],[139.895117,42.190039],[139.835449,42.278076],[139.820898,42.387598],[139.828516,42.448145],[139.860156,42.581738],[139.891113,42.649219],[139.950586,42.671436],[140.015039,42.684766],[140.114648,42.732959],[140.224121,42.795508],[140.328613,42.866846],[140.432227,42.954102],[140.486426,43.049902],[140.397461,43.167334],[140.379297,43.237109],[140.392383,43.303125],[140.486914,43.338184],[140.58457,43.311719],[140.780664,43.21499],[140.819141,43.205469],[140.953809,43.200977],[141.138184,43.179932],[141.24502,43.185059],[141.296289,43.199658],[141.374121,43.279639],[141.412305,43.381494],[141.39834,43.5125],[141.397656,43.642627],[141.446777,43.748633],[141.600684,43.918994],[141.644727,44.019434],[141.66084,44.263623],[141.716309,44.371191],[141.760938,44.48252],[141.782227,44.716357],[141.719043,44.941064],[141.655762,45.051221],[141.583008,45.155957],[141.59375,45.255957],[141.652539,45.348633],[141.654004,45.376562],[141.667969,45.40127],[141.778125,45.418896],[141.829492,45.43877],[141.878711,45.483301],[141.937695,45.509521],[141.980859,45.483496],[142.016406,45.437939],[142.171582,45.325635],[142.416016,45.125],[142.704102,44.819189],[142.884766,44.670117],[143.075098,44.534912],[143.288574,44.396631],[143.511914,44.277539],[143.65459,44.221338],[143.759082,44.131641],[143.824316,44.116992]]],[[[131.174609,33.602588],[131.30918,33.572754],[131.366016,33.570898],[131.41875,33.584424],[131.498828,33.623584],[131.583008,33.652393],[131.643066,33.637793],[131.696289,33.602832],[131.724219,33.553809],[131.710645,33.502344],[131.615527,33.391846],[131.537402,33.274072],[131.71709,33.2521],[131.896582,33.25459],[131.854688,33.181641],[131.847852,33.118066],[131.902734,33.087793],[131.949316,33.04707],[131.937207,33.010156],[131.910449,32.973682],[132.008594,32.919043],[132.002148,32.882373],[131.97666,32.843945],[131.732129,32.592822],[131.660352,32.465625],[131.610352,32.325488],[131.564648,32.223047],[131.531152,32.116748],[131.505664,32.001953],[131.460254,31.883496],[131.475293,31.778418],[131.459961,31.670801],[131.337207,31.404687],[131.249707,31.409619],[131.139746,31.441846],[131.070801,31.436865],[131.035156,31.377686],[131.098438,31.256152],[130.902246,31.112061],[130.685742,31.015137],[130.68418,31.059277],[130.704492,31.094092],[130.735742,31.12207],[130.758398,31.155811],[130.789746,31.269092],[130.774219,31.383203],[130.708984,31.526074],[130.704199,31.577441],[130.749414,31.598193],[130.779785,31.604102],[130.796289,31.624072],[130.796875,31.671289],[130.77627,31.706299],[130.714551,31.717676],[130.655078,31.718408],[130.613477,31.66543],[130.556055,31.563086],[130.528125,31.459668],[130.54043,31.403076],[130.565918,31.352393],[130.644531,31.26748],[130.621484,31.217529],[130.58877,31.178516],[130.310645,31.266895],[130.250586,31.273193],[130.200684,31.291895],[130.147266,31.408496],[130.260547,31.436572],[130.294141,31.450684],[130.306641,31.487793],[130.321973,31.601465],[130.268945,31.696338],[130.224219,31.730078],[130.187891,31.768848],[130.210938,31.848975],[130.195801,31.949854],[130.194434,32.090771],[130.214063,32.115039],[130.319141,32.143506],[130.394922,32.218994],[130.462012,32.304932],[130.560352,32.456055],[130.640527,32.619238],[130.563281,32.626367],[130.497852,32.656934],[130.569434,32.734131],[130.547266,32.831592],[130.44043,32.951367],[130.381738,33.092578],[130.287305,33.154785],[130.2375,33.177637],[130.176855,33.144531],[130.126855,33.104834],[130.173145,33.012988],[130.167773,32.931787],[130.175,32.851318],[130.222168,32.846826],[130.280078,32.866846],[130.326465,32.852637],[130.353516,32.810352],[130.36084,32.755859],[130.34043,32.701855],[130.297656,32.675],[130.245508,32.677148],[130.192969,32.706299],[130.152051,32.747852],[130.054102,32.770801],[129.950781,32.721729],[129.852539,32.621729],[129.768555,32.570996],[129.808105,32.645264],[129.826758,32.725342],[129.785938,32.781641],[129.690039,32.875244],[129.667773,32.929395],[129.662305,32.994922],[129.679102,33.059961],[129.777734,32.985547],[129.82832,32.892676],[129.900781,32.851904],[129.991699,32.851562],[129.921875,32.987988],[129.896777,33.022363],[129.79873,33.083594],[129.665039,33.186621],[129.580078,33.236279],[129.610156,33.343652],[129.659961,33.36499],[129.702148,33.359814],[129.844141,33.321777],[129.85752,33.375244],[129.836621,33.403809],[129.825684,33.437012],[129.919141,33.483496],[130.07207,33.521777],[130.103418,33.539697],[130.130566,33.578174],[130.167969,33.598291],[130.275098,33.597705],[130.365039,33.634473],[130.439453,33.734229],[130.457227,33.788965],[130.483789,33.834619],[130.669531,33.915479],[130.715625,33.927783],[130.839648,33.917773],[130.953125,33.872021],[131.009082,33.77583],[131.058105,33.672852],[131.174609,33.602588]]],[[[134.357422,34.256348],[134.495703,34.214746],[134.6375,34.226611],[134.635254,34.043945],[134.655371,33.982617],[134.695312,33.927734],[134.674805,33.847803],[134.738867,33.820508],[134.54873,33.729297],[134.377051,33.608398],[134.306543,33.526807],[134.242676,33.439453],[134.205664,33.346973],[134.181641,33.247217],[134.124121,33.286768],[133.958691,33.44834],[133.854004,33.492676],[133.685645,33.516309],[133.632031,33.510986],[133.285938,33.359961],[133.239941,33.249609],[133.145605,33.083154],[133.100879,33.028223],[133.051172,33.012451],[133.016016,32.983887],[132.977246,32.841992],[132.869922,32.75459],[132.804297,32.752002],[132.692188,32.775928],[132.641797,32.762451],[132.708984,32.90249],[132.601953,32.919531],[132.495117,32.916602],[132.492578,33.007666],[132.427832,33.059375],[132.475781,33.126465],[132.477148,33.181152],[132.505273,33.211279],[132.515039,33.255371],[132.511426,33.293066],[132.44541,33.30459],[132.405176,33.33125],[132.412793,33.430469],[132.374902,33.434082],[132.281055,33.416797],[132.08584,33.340137],[132.032617,33.33999],[132.114453,33.39458],[132.287891,33.469531],[132.365918,33.512451],[132.536035,33.63291],[132.643066,33.689941],[132.698926,33.790918],[132.716211,33.852246],[132.752344,33.906152],[132.784277,33.992432],[132.839453,34.02124],[132.935156,34.095312],[132.990137,34.088135],[133.05127,33.997119],[133.133691,33.927295],[133.193066,33.933203],[133.298828,33.968994],[133.349805,33.977051],[133.47207,33.972803],[133.582031,34.017139],[133.626758,34.069385],[133.643457,34.134668],[133.602637,34.243848],[133.655566,34.232861],[133.70625,34.237354],[133.825586,34.306836],[133.94834,34.348047],[134.075879,34.358398],[134.219238,34.319043],[134.357422,34.256348]]],[[[141.229297,41.372656],[141.26875,41.353809],[141.455469,41.404736],[141.419922,41.251172],[141.4,41.096338],[141.413672,40.839355],[141.430469,40.72334],[141.462793,40.611133],[141.542285,40.530713],[141.646289,40.473633],[141.79707,40.291162],[141.87793,40.067236],[141.935059,39.958496],[141.977832,39.844434],[141.99082,39.792236],[141.991895,39.739893],[141.979102,39.668359],[141.993164,39.610547],[141.976953,39.428809],[141.909473,39.218701],[141.900781,39.111328],[141.84209,39.090039],[141.806543,39.04043],[141.776172,39.017432],[141.74248,38.999609],[141.693555,38.995166],[141.658594,38.974854],[141.644727,38.91792],[141.622266,38.865137],[141.579688,38.816504],[141.546289,38.762842],[141.51875,38.632031],[141.508789,38.497852],[141.46748,38.40415],[141.368164,38.379736],[141.254297,38.381396],[141.108398,38.337939],[141.077344,38.312549],[140.962109,38.148877],[140.929004,38.052881],[140.92793,37.949609],[140.959961,37.822607],[141.003418,37.698437],[141.036328,37.467236],[141.00166,37.114648],[140.968359,37.002051],[140.895117,36.925732],[140.839648,36.890332],[140.791797,36.846875],[140.729883,36.731885],[140.627344,36.502783],[140.618848,36.445312],[140.619238,36.385596],[140.591602,36.307812],[140.573535,36.231348],[140.59043,36.142432],[140.621973,36.059229],[140.75957,35.845703],[140.813477,35.78252],[140.874023,35.724951],[140.639258,35.661279],[140.596875,35.632031],[140.457422,35.510254],[140.412891,35.394775],[140.416504,35.266992],[140.392969,35.221143],[140.354688,35.181445],[140.314746,35.155029],[140.158887,35.096484],[140.05918,35.038281],[139.959766,34.947314],[139.92041,34.899609],[139.843945,34.914893],[139.799219,34.956934],[139.843262,35.009863],[139.829688,35.072168],[139.851465,35.232324],[139.826465,35.29668],[139.906152,35.345264],[139.944141,35.422998],[140.027148,35.485205],[140.086328,35.54043],[140.096875,35.585156],[140.043652,35.63335],[139.9875,35.668213],[139.909766,35.668359],[139.834766,35.658057],[139.786328,35.612109],[139.770117,35.549561],[139.773926,35.520361],[139.767773,35.494824],[139.65,35.409131],[139.665527,35.319482],[139.7,35.273975],[139.744043,35.252393],[139.730859,35.221533],[139.675,35.149268],[139.635938,35.142139],[139.564063,35.243262],[139.474414,35.298535],[139.363477,35.298096],[139.249414,35.278027],[139.162695,35.210742],[139.134082,35.154883],[139.11582,35.097119],[139.121973,34.956494],[139.086035,34.83916],[139.015625,34.736035],[138.982617,34.698389],[138.89668,34.628418],[138.8375,34.619238],[138.795117,34.651025],[138.761035,34.699219],[138.804492,34.875732],[138.802734,34.974805],[138.903613,35.025244],[138.820898,35.095703],[138.719629,35.124072],[138.577148,35.086475],[138.537012,35.044141],[138.50957,34.987158],[138.433105,34.915186],[138.348633,34.847705],[138.253223,34.732666],[138.189063,34.596338],[137.979004,34.640918],[137.864258,34.650879],[137.748535,34.647412],[137.543359,34.664209],[137.318066,34.636377],[137.061719,34.582812],[137.077051,34.621436],[137.287793,34.703516],[137.29541,34.727588],[137.275195,34.77251],[137.222656,34.774707],[137.096582,34.759033],[137.032227,34.765918],[137.005957,34.814111],[136.963281,34.834912],[136.934766,34.815186],[136.944141,34.721533],[136.912891,34.709033],[136.871289,34.733105],[136.88457,34.805859],[136.856152,34.9125],[136.85293,34.978711],[136.89707,35.035547],[136.851855,35.059521],[136.804199,35.050293],[136.743555,35.022998],[136.690039,34.984131],[136.576953,34.789551],[136.533008,34.678369],[136.61582,34.589062],[136.841602,34.464209],[136.880273,34.433594],[136.881152,34.380469],[136.853711,34.324072],[136.792188,34.299268],[136.544434,34.257715],[136.329883,34.176855],[136.267871,34.094873],[136.072559,33.778223],[135.916211,33.561719],[135.695312,33.486963],[135.452832,33.553369],[135.394238,33.62876],[135.346777,33.721973],[135.256641,33.80625],[135.175391,33.898047],[135.12793,34.006982],[135.135352,34.182617],[135.100098,34.288379],[135.131934,34.316553],[135.265625,34.380811],[135.309277,34.416797],[135.384766,34.500439],[135.411816,34.546973],[135.415918,34.61748],[135.355176,34.654297],[135.198242,34.65293],[135.041699,34.631006],[134.929883,34.661816],[134.784961,34.74707],[134.740039,34.765234],[134.583789,34.770605],[134.472266,34.754785],[134.362695,34.723682],[134.246875,34.713867],[134.208301,34.697656],[134.074512,34.593115],[133.968262,34.527295],[133.876367,34.494629],[133.67793,34.485889],[133.578613,34.464697],[133.474414,34.430127],[133.445312,34.433154],[133.335645,34.385352],[133.209766,34.343994],[133.142383,34.302441],[133.018945,34.32959],[132.774609,34.255225],[132.656543,34.246094],[132.534473,34.287061],[132.421289,34.353369],[132.312598,34.324951],[132.238086,34.227002],[132.201953,34.032031],[132.159375,33.944238],[132.146484,33.83877],[132.090234,33.855469],[131.763184,34.045264],[131.740527,34.052051],[131.476172,34.019385],[131.40791,34.003613],[131.322754,33.965186],[131.232617,33.947998],[131.150391,33.975635],[131.071875,34.020654],[130.996387,34.007275],[130.918848,33.975732],[130.889258,34.261816],[130.904297,34.299561],[130.951855,34.349707],[131.004199,34.392578],[131.132227,34.407373],[131.261816,34.393457],[131.354395,34.413184],[131.43252,34.469824],[131.515039,34.550146],[131.608008,34.615479],[131.734082,34.66709],[131.856055,34.726318],[131.963086,34.809375],[132.064746,34.9],[132.158203,34.966504],[132.25957,35.022314],[132.414062,35.156299],[132.619043,35.306836],[132.697656,35.418311],[132.746582,35.449023],[132.922949,35.511279],[133.156934,35.558838],[133.267188,35.556543],[133.376465,35.458838],[133.435352,35.472217],[133.494922,35.497461],[133.61543,35.511426],[133.739355,35.495264],[133.860254,35.494873],[133.98125,35.507227],[134.214063,35.539258],[134.336523,35.57793],[134.456055,35.62793],[134.882227,35.663232],[135.174316,35.74707],[135.220508,35.741113],[135.26543,35.721777],[135.26875,35.659668],[135.232031,35.591895],[135.267773,35.550879],[135.326953,35.525537],[135.601855,35.517725],[135.680273,35.503125],[135.79502,35.549512],[135.903125,35.606885],[136.016211,35.68252],[136.095313,35.767627],[136.022266,35.874121],[136.00625,35.990576],[136.06748,36.116846],[136.15625,36.22334],[136.261816,36.287695],[136.358984,36.361768],[136.555859,36.571973],[136.698145,36.742041],[136.749316,36.951025],[136.719238,37.198389],[136.843457,37.382129],[136.962305,37.413672],[137.198633,37.497461],[137.322656,37.52207],[137.341211,37.485449],[137.3375,37.437451],[137.152051,37.283154],[137.045801,37.219727],[136.982227,37.200049],[136.924023,37.171973],[136.899902,37.117676],[136.994434,37.026758],[137.018555,36.959619],[137.012695,36.895117],[137.016699,36.837207],[137.12373,36.774072],[137.246289,36.753174],[137.297656,36.75376],[137.342578,36.770361],[137.482617,36.924756],[137.514063,36.951562],[137.913184,37.0646],[138.10957,37.151074],[138.218066,37.173389],[138.319922,37.218408],[138.54834,37.392139],[138.632812,37.472168],[138.709375,37.560645],[138.770605,37.663428],[138.818848,37.774707],[138.885059,37.843945],[139.247168,38.009082],[139.363867,38.099023],[139.400977,38.142578],[139.445801,38.26875],[139.476758,38.399805],[139.520801,38.502539],[139.580176,38.598877],[139.659766,38.697021],[139.749121,38.788135],[139.801953,38.881592],[139.878613,39.104932],[139.912305,39.228564],[139.938574,39.273145],[139.977148,39.310645],[140.01084,39.358057],[140.036523,39.411133],[140.048145,39.463721],[140.064746,39.624414],[140.054688,39.749268],[139.994727,39.855078],[139.945215,39.885107],[139.891211,39.886865],[139.810352,39.877734],[139.741504,39.92085],[139.755469,39.958936],[139.825684,39.966016],[139.873633,39.985693],[139.908008,40.021729],[139.972461,40.136963],[140.011133,40.260352],[140.014453,40.314893],[139.964063,40.414307],[139.923926,40.533887],[139.922852,40.598437],[139.966699,40.672754],[140.029297,40.733154],[140.085352,40.747363],[140.146094,40.751562],[140.20127,40.774902],[140.252344,40.808789],[140.28125,40.846094],[140.32627,40.947656],[140.343555,41.005664],[140.315234,41.160889],[140.344434,41.20332],[140.385938,41.229785],[140.441309,41.209668],[140.498047,41.205664],[140.56416,41.211816],[140.627637,41.19541],[140.639648,41.155615],[140.679395,40.893262],[140.702441,40.857812],[140.748633,40.830322],[140.800781,40.834326],[140.845801,40.875146],[140.876172,40.929541],[140.936035,40.940771],[141.118555,40.882275],[141.183203,40.924023],[141.225391,40.988477],[141.262109,41.102686],[141.244238,41.205615],[141.200391,41.243604],[141.155078,41.236719],[141.115039,41.208496],[141.07041,41.193066],[140.800586,41.138818],[140.801855,41.253662],[140.85957,41.425439],[140.891504,41.479785],[140.936914,41.505566],[141.050195,41.475732],[141.105859,41.455859],[141.229297,41.372656]]],[[[124.293164,24.515918],[124.234277,24.358057],[124.185645,24.335059],[124.135742,24.347607],[124.084766,24.43584],[124.12041,24.469629],[124.170215,24.451855],[124.210547,24.458643],[124.301953,24.587109],[124.324023,24.566357],[124.293164,24.515918]]],[[[123.888672,24.280127],[123.825586,24.266064],[123.749805,24.283301],[123.680664,24.288037],[123.679785,24.317773],[123.752344,24.348486],[123.753711,24.391309],[123.771484,24.414453],[123.934863,24.362012],[123.928125,24.323633],[123.888672,24.280127]]],[[[125.444141,24.743164],[125.359375,24.71709],[125.268945,24.73252],[125.283594,24.871924],[125.314941,24.852393],[125.33457,24.804688],[125.401855,24.776855],[125.444141,24.743164]]],[[[128.258789,26.652783],[128.1625,26.606934],[128.126953,26.552246],[128.037891,26.533594],[127.95127,26.456494],[127.86709,26.44248],[127.869238,26.380566],[127.904785,26.328125],[127.84873,26.318945],[127.790137,26.255078],[127.785547,26.208691],[127.806445,26.17124],[127.803613,26.152539],[127.729395,26.097168],[127.653125,26.094727],[127.649707,26.154492],[127.654883,26.19917],[127.727051,26.30791],[127.728906,26.433936],[127.795898,26.448535],[127.82041,26.466064],[127.925977,26.555713],[127.945508,26.593945],[127.89082,26.631055],[127.894824,26.674951],[127.907227,26.693604],[127.994336,26.679443],[128.029688,26.646875],[128.046777,26.643311],[128.097656,26.667773],[128.121582,26.711426],[128.216504,26.796875],[128.254883,26.881885],[128.331641,26.812109],[128.310938,26.720703],[128.258789,26.652783]]],[[[128.998145,27.720801],[128.95625,27.70249],[128.9,27.727783],[128.882812,27.842432],[128.907617,27.897998],[128.95166,27.910254],[128.989746,27.811133],[129.016406,27.770215],[128.998145,27.720801]]],[[[129.452539,28.208984],[129.366406,28.127734],[129.274902,28.200879],[129.164648,28.249756],[129.21709,28.262939],[129.247852,28.28252],[129.250879,28.313574],[129.322461,28.359619],[129.464551,28.395264],[129.509668,28.39751],[129.560547,28.431055],[129.577148,28.461279],[129.598047,28.475879],[129.689551,28.51748],[129.714648,28.469629],[129.710449,28.432129],[129.641699,28.411279],[129.574609,28.361182],[129.512695,28.29873],[129.456738,28.272314],[129.439063,28.254785],[129.452539,28.208984]]],[[[129.324023,28.104932],[129.330566,28.081592],[129.232422,28.101123],[129.19248,28.19248],[129.257422,28.176172],[129.277344,28.144727],[129.324023,28.104932]]],[[[139.841113,33.056055],[139.823828,33.045459],[139.775684,33.078223],[139.768945,33.107178],[139.777441,33.125146],[139.808887,33.129248],[139.873633,33.093506],[139.841113,33.056055]]]]}},{"type":"Feature","properties":{"featurecla":"Admin-0 country","scalerank":3,"LABELRANK":2,"SOVEREIGNT":"China","SOV_A3":"CH1","ADM0_DIF":1,"LEVEL":2,"TYPE":"Country","TLC":"1","ADMIN":"China","ADM0_A3":"CHN","GEOU_DIF":0,"GEOUNIT":"China","GU_A3":"CHN","SU_DIF":0,"SUBUNIT":"China","SU_A3":"CHN","BRK_DIFF":0,"NAME":"China","NAME_LONG":"China","BRK_A3":"CHN","BRK_NAME":"China","BRK_GROUP":null,"ABBREV":"China","POSTAL":"CN","FORMAL_EN":"People's Republic of China","FORMAL_FR":null,"NAME_CIAWF":"China","NOTE_ADM0":null,"NOTE_BRK":null,"NAME_SORT":"China","NAME_ALT":null,"MAPCOLOR7":4,"MAPCOLOR8":4,"MAPCOLOR9":4,"MAPCOLOR13":3,"POP_EST":1397715000,"POP_RANK":18,"POP_YEAR":2019,"GDP_MD":14342903,"GDP_YEAR":2019,"ECONOMY":"3. Emerging region: BRIC","INCOME_GRP":"3. Upper middle income","FIPS_10":"CH","ISO_A2":"CN","ISO_A2_EH":"CN","ISO_A3":"CHN","ISO_A3_EH":"CHN","ISO_N3":"156","ISO_N3_EH":"156","UN_A3":"156","WB_A2":"CN","WB_A3":"CHN","WOE_ID":23424781,"WOE_ID_EH":23424781,"WOE_NOTE":"Exact WOE match as country","ADM0_ISO":"CHN","ADM0_DIFF":null,"ADM0_TLC":"CHN","ADM0_A3_US":"CHN","ADM0_A3_FR":"CHN","ADM0_A3_RU":"CHN","ADM0_A3_ES":"CHN","ADM0_A3_CN":"CHN","ADM0_A3_TW":"TWN","ADM0_A3_IN":"CHN","ADM0_A3_NP":"CHN","ADM0_A3_PK":"CHN","ADM0_A3_DE":"CHN","ADM0_A3_GB":"CHN","ADM0_A3_BR":"CHN","ADM0_A3_IL":"CHN","ADM0_A3_PS":"CHN","ADM0_A3_SA":"CHN","ADM0_A3_EG":"CHN","ADM0_A3_MA":"CHN","ADM0_A3_PT":"CHN","ADM0_A3_AR":"CHN","ADM0_A3_JP":"CHN","ADM0_A3_KO":"CHN","ADM0_A3_VN":"CHN","ADM0_A3_TR":"CHN","ADM0_A3_ID":"CHN","ADM0_A3_PL":"CHN","ADM0_A3_GR":"CHN","ADM0_A3_IT":"CHN","ADM0_A3_NL":"CHN","ADM0_A3_SE":"CHN","ADM0_A3_BD":"CHN","ADM0_A3_UA":"CHN","ADM0_A3_UN":-99,"ADM0_A3_WB":-99,"CONTINENT":"Asia","REGION_UN":"Asia","SUBREGION":"Eastern Asia","REGION_WB":"East Asia & Pacific","NAME_LEN":5,"LONG_LEN":5,"ABBREV_LEN":5,"TINY":-99,"HOMEPART":1,"MIN_ZOOM":0,"MIN_LABEL":1.7,"MAX_LABEL":5.7,"LABEL_X":106.337289,"LABEL_Y":32.498178,"NE_ID":1159320471,"WIKIDATAID":"Q148","NAME_AR":"الصين","NAME_BN":"গণচীন","NAME_DE":"Volksrepublik China","NAME_EN":"People's Republic of China","NAME_ES":"China","NAME_FA":"جمهوری خلق چین","NAME_FR":"République populaire de Chine","NAME_EL":"Λαϊκή Δημοκρατία της Κίνας","NAME_HE":"הרפובליקה העממית של סין","NAME_HI":"चीनी जनवादी गणराज्य","NAME_HU":"Kína","NAME_ID":"Republik Rakyat Tiongkok","NAME_IT":"Cina","NAME_JA":"中華人民共和国","NAME_KO":"중화인민공화국","NAME_NL":"Volksrepubliek China","NAME_PL":"Chińska Republika Ludowa","NAME_PT":"China","NAME_RU":"Китайская Народная Республика","NAME_SV":"Kina","NAME_TR":"Çin Halk Cumhuriyeti","NAME_UK":"Китайська Народна Республіка","NAME_UR":"عوامی جمہوریہ چین","NAME_VI":"Trung Quốc","NAME_ZH":"中华人民共和国","NAME_ZHT":"中華人民共和國","FCLASS_ISO":"Admin-0 country","TLC_DIFF":null,"FCLASS_TLC":"Admin-0 country","FCLASS_US":null,"FCLASS_FR":null,"FCLASS_RU":null,"FCLASS_ES":null,"FCLASS_CN":null,"FCLASS_TW":"Unrecognized","FCLASS_IN":null,"FCLASS_NP":null,"FCLASS_PK":null,"FCLASS_DE":null,"FCLASS_GB":null,"FCLASS_BR":null,"FCLASS_IL":null,"FCLASS_PS":null,"FCLASS_SA":null,"FCLASS_EG":null,"FCLASS_MA":null,"FCLASS_PT":null,"FCLASS_AR":null,"FCLASS_JP":null,"FCLASS_KO":null,"FCLASS_VN":null,"FCLASS_TR":null,"FCLASS_ID":null,"FCLASS_PL":null,"FCLASS_GR":null,"FCLASS_IT":null,"FCLASS_NL":null,"FCLASS_SE":null,"FCLASS_BD":null,"FCLASS_UA":null},"bbox":[73.607324,18.218262,134.752344,53.555615],"geometry":{"type":"MultiPolygon","coordinates":[[[[118.183008,24.496289],[118.149512,24.436133],[118.090527,24.446143],[118.08877,24.488867],[118.076758,24.501416],[118.092969,24.541211],[118.103809,24.552344],[118.170703,24.518506],[118.183008,24.496289]]],[[[121.862695,31.492285],[121.780469,31.46377],[121.519922,31.549609],[121.336426,31.64375],[121.226855,31.758105],[121.211133,31.805371],[121.338965,31.797363],[121.46416,31.756445],[121.491797,31.693652],[121.542285,31.673926],[121.576563,31.637305],[121.808301,31.552148],[121.843652,31.526367],[121.862695,31.492285]]],[[[122.295898,29.963428],[122.281543,29.943848],[122.157813,30.00127],[122.024023,30.01333],[121.977832,30.063818],[121.969434,30.143115],[122.110547,30.139746],[122.284473,30.068018],[122.322266,30.031396],[122.295898,29.963428]]],[[[122.172559,29.679004],[122.169043,29.660254],[122.083789,29.725342],[122.042676,29.735937],[122.062305,29.772754],[122.119629,29.782227],[122.165039,29.700781],[122.172559,29.679004]]],[[[122.403906,29.892383],[122.394043,29.846094],[122.367578,29.852686],[122.331836,29.934961],[122.350977,29.955225],[122.401563,29.950244],[122.403906,29.892383]]],[[[119.820898,25.456982],[119.74668,25.410693],[119.700293,25.432715],[119.699414,25.494727],[119.723047,25.550586],[119.695996,25.590869],[119.722559,25.638818],[119.77793,25.653174],[119.797461,25.623242],[119.828711,25.607373],[119.838379,25.591064],[119.838672,25.559668],[119.809082,25.507812],[119.832422,25.47959],[119.820898,25.456982]]],[[[110.385156,21.093164],[110.422363,21.058594],[110.521582,21.083105],[110.539551,21.039014],[110.538867,21.018457],[110.503906,20.967725],[110.421875,21.006885],[110.339941,20.997754],[110.280957,21.001172],[110.264648,21.025195],[110.309863,21.074756],[110.385156,21.093164]]],[[[121.251367,28.086426],[121.164258,28.0625],[121.131543,28.062598],[121.133984,28.135254],[121.205469,28.204395],[121.234375,28.181299],[121.250977,28.145215],[121.251367,28.086426]]],[[[113.555273,22.804199],[113.563672,22.75791],[113.485645,22.82832],[113.463379,22.832373],[113.426074,22.858594],[113.404395,22.902832],[113.464941,22.904541],[113.520508,22.852051],[113.555273,22.804199]]],[[[112.790234,21.601855],[112.771094,21.581836],[112.741992,21.618066],[112.733496,21.669922],[112.712695,21.697949],[112.760547,21.733252],[112.782031,21.772266],[112.839063,21.764502],[112.862598,21.752637],[112.812598,21.712158],[112.800684,21.694873],[112.790234,21.601855]]],[[[112.64375,21.639648],[112.545605,21.618506],[112.525,21.623047],[112.558984,21.674756],[112.647656,21.710254],[112.64375,21.639648]]],[[[107.972656,21.507959],[107.908398,21.5604],[107.802051,21.645166],[107.759277,21.655029],[107.641016,21.613916],[107.471387,21.59834],[107.433496,21.642285],[107.351172,21.608887],[107.27207,21.710645],[107.178516,21.71709],[107.061621,21.794189],[107.019824,21.834863],[107.006445,21.893408],[106.970996,21.923926],[106.925195,21.920117],[106.874512,21.95127],[106.794141,21.981982],[106.729492,22.000342],[106.697656,21.986182],[106.663574,21.978906],[106.657715,22.018213],[106.660059,22.136475],[106.654199,22.241455],[106.636523,22.288623],[106.593164,22.324512],[106.553613,22.341699],[106.536328,22.39541],[106.550391,22.501367],[106.582422,22.573242],[106.633105,22.586035],[106.701563,22.637744],[106.736328,22.710938],[106.780273,22.778906],[106.624023,22.874268],[106.541797,22.90835],[106.450879,22.893896],[106.338086,22.863477],[106.279004,22.857471],[106.249414,22.869434],[106.183984,22.955127],[106.148438,22.970068],[106.068457,22.975537],[106.000977,22.974756],[105.962305,22.937451],[105.902637,22.924951],[105.842969,22.922803],[105.782324,22.969336],[105.691211,23.029932],[105.548145,23.072656],[105.530859,23.121973],[105.494531,23.180859],[105.440137,23.235352],[105.350488,23.307666],[105.275391,23.345215],[105.23877,23.322119],[105.189063,23.281055],[104.995703,23.194336],[104.910156,23.160547],[104.864746,23.136377],[104.826563,23.100195],[104.814746,23.010791],[104.795703,22.911133],[104.740039,22.860498],[104.687305,22.822217],[104.631738,22.818213],[104.577539,22.82002],[104.526855,22.804102],[104.371777,22.704053],[104.29834,22.712012],[104.238281,22.768506],[104.2125,22.809424],[104.143066,22.800146],[104.053906,22.752295],[104.012695,22.666357],[103.99082,22.586133],[103.971387,22.550488],[103.941504,22.540088],[103.915039,22.538232],[103.637305,22.77002],[103.620215,22.782031],[103.570703,22.734424],[103.525391,22.611572],[103.492969,22.587988],[103.470996,22.597412],[103.356055,22.754688],[103.32666,22.769775],[103.300586,22.764404],[103.266309,22.713525],[103.193359,22.638525],[103.137598,22.592969],[103.136328,22.542236],[103.075879,22.49751],[103.005371,22.452979],[102.981934,22.448242],[102.935156,22.466162],[102.874219,22.525391],[102.830078,22.587158],[102.720996,22.648486],[102.598535,22.700391],[102.517188,22.741016],[102.470898,22.750928],[102.42793,22.732812],[102.406445,22.708008],[102.375781,22.646631],[102.302246,22.545996],[102.237012,22.466016],[102.175977,22.414648],[102.127441,22.379199],[102.091504,22.412256],[102.024414,22.439209],[101.94541,22.439404],[101.841797,22.388477],[101.759961,22.490332],[101.73877,22.495264],[101.70752,22.486572],[101.671484,22.462305],[101.646191,22.40542],[101.619922,22.327441],[101.567871,22.276367],[101.524512,22.253662],[101.537305,22.209863],[101.561816,22.162402],[101.560254,22.120898],[101.575781,22.055273],[101.60293,21.989697],[101.699609,21.882471],[101.736523,21.826514],[101.743945,21.777979],[101.747266,21.605762],[101.743457,21.533838],[101.724219,21.39502],[101.722949,21.314941],[101.763086,21.278906],[101.802051,21.235986],[101.800586,21.212598],[101.783496,21.20415],[101.728125,21.156396],[101.704785,21.150146],[101.668555,21.169629],[101.62168,21.184424],[101.583887,21.203564],[101.542383,21.234277],[101.443555,21.230811],[101.281445,21.184131],[101.247852,21.197314],[101.224414,21.22373],[101.211816,21.278223],[101.219922,21.342432],[101.205566,21.383301],[101.175391,21.40752],[101.19668,21.52207],[101.138867,21.56748],[101.147266,21.581641],[101.128125,21.705127],[101.130859,21.735547],[101.120703,21.746094],[101.079785,21.755859],[101.019336,21.736377],[100.835156,21.655176],[100.677148,21.504932],[100.60459,21.471777],[100.531348,21.458105],[100.445703,21.484082],[100.350586,21.501025],[100.214746,21.462988],[100.147656,21.480518],[100.116797,21.511182],[100.089258,21.55791],[100.105762,21.617041],[100.095508,21.660645],[100.041211,21.682764],[99.978223,21.701611],[99.940723,21.75874],[99.925586,21.820801],[99.94043,21.901611],[99.947852,21.98833],[99.917676,22.028027],[99.825391,22.049707],[99.592676,22.08916],[99.388672,22.110791],[99.303125,22.100635],[99.233398,22.110156],[99.192969,22.125977],[99.173438,22.15332],[99.172363,22.19248],[99.205371,22.282568],[99.243066,22.370361],[99.337695,22.498047],[99.343164,22.586523],[99.338281,22.688672],[99.385156,22.825098],[99.466797,22.927295],[99.507129,22.959131],[99.497266,23.00459],[99.464551,23.04624],[99.418066,23.069238],[99.34082,23.095898],[99.220313,23.10332],[99.055078,23.130566],[98.86377,23.19126],[98.885547,23.307471],[98.882617,23.380322],[98.858887,23.440088],[98.819727,23.48252],[98.797852,23.52041],[98.832227,23.624365],[98.787695,23.737842],[98.735059,23.783105],[98.680859,23.841797],[98.676758,23.905078],[98.701563,23.964062],[98.833984,24.090576],[98.835059,24.121191],[98.802344,24.118701],[98.764355,24.116064],[98.583398,24.069824],[98.56416,24.098828],[98.499414,24.115674],[98.367285,24.119043],[98.2125,24.110645],[98.016895,24.06543],[97.837695,23.986279],[97.755664,23.931885],[97.686035,23.898096],[97.629687,23.887158],[97.564551,23.911035],[97.568262,23.988477],[97.690625,24.130811],[97.708203,24.22876],[97.670703,24.312744],[97.666602,24.37998],[97.623633,24.422949],[97.563281,24.443848],[97.531445,24.491699],[97.529395,24.631201],[97.583301,24.774805],[97.670703,24.820117],[97.723828,24.841992],[97.737891,24.869873],[97.710742,24.970361],[97.714941,25.034326],[97.767383,25.158057],[97.819531,25.251855],[97.917969,25.236133],[97.962012,25.259326],[98.010742,25.292529],[98.064063,25.348975],[98.099609,25.415723],[98.142871,25.571094],[98.172559,25.594531],[98.296582,25.568848],[98.333789,25.586768],[98.40166,25.677979],[98.465527,25.788867],[98.558398,25.823242],[98.625391,25.826709],[98.65625,25.863574],[98.654688,25.917773],[98.591016,26.003711],[98.564063,26.072412],[98.571973,26.114062],[98.663184,26.139453],[98.685547,26.189355],[98.671875,26.298535],[98.709473,26.429688],[98.731836,26.583398],[98.739355,26.698145],[98.738477,26.785742],[98.729492,26.877393],[98.716504,27.044922],[98.674805,27.190625],[98.682422,27.245312],[98.676758,27.421924],[98.651172,27.572461],[98.599805,27.598828],[98.504492,27.647656],[98.452539,27.657227],[98.408887,27.639453],[98.392383,27.587061],[98.350488,27.538086],[98.298828,27.550098],[98.274219,27.599072],[98.241016,27.663184],[98.130469,27.967578],[98.118359,28.055225],[98.098926,28.142285],[98.061621,28.185889],[98.022266,28.211523],[97.934082,28.313818],[97.887598,28.356494],[97.864941,28.363574],[97.816504,28.356348],[97.769043,28.356152],[97.730078,28.407129],[97.694629,28.469336],[97.658887,28.5],[97.599219,28.517041],[97.537891,28.510205],[97.502148,28.456348],[97.477734,28.425635],[97.431445,28.353906],[97.356445,28.254492],[97.322461,28.217969],[97.289453,28.236816],[97.145117,28.340332],[97.075391,28.368945],[96.980859,28.337695],[96.833008,28.362402],[96.775781,28.367041],[96.652832,28.449756],[96.602637,28.459912],[96.427734,28.406006],[96.389063,28.36792],[96.366406,28.367285],[96.319824,28.386523],[96.281445,28.412061],[96.278906,28.428174],[96.326172,28.468555],[96.329883,28.496826],[96.327344,28.525391],[96.395605,28.606543],[96.580859,28.763672],[96.55,28.82959],[96.477148,28.959326],[96.46709,29.022266],[96.435742,29.050684],[96.346875,29.027441],[96.162207,28.909717],[96.137109,28.922607],[96.141406,28.963477],[96.122363,29.08208],[96.180859,29.117676],[96.270508,29.16123],[96.339746,29.209814],[96.355859,29.249072],[96.337207,29.260986],[96.234961,29.245801],[96.194727,29.272461],[96.128516,29.381396],[96.07959,29.424121],[96.035352,29.447168],[95.885059,29.390918],[95.710352,29.313818],[95.51582,29.206348],[95.516992,29.151172],[95.49375,29.137012],[95.456543,29.102295],[95.420215,29.054297],[95.389258,29.037402],[95.353125,29.035889],[95.279102,29.049561],[95.144727,29.104053],[94.998828,29.14917],[94.96748,29.144043],[94.769434,29.175879],[94.763086,29.20127],[94.733398,29.251611],[94.677051,29.297021],[94.623047,29.312402],[94.468066,29.216211],[94.293262,29.144629],[94.193457,29.059912],[94.111523,28.975879],[94.017676,28.959521],[94.013281,28.90752],[93.973633,28.860791],[93.902246,28.803223],[93.760742,28.729785],[93.664941,28.690234],[93.360547,28.654053],[93.251953,28.629492],[93.206543,28.59082],[93.157813,28.492725],[93.119238,28.402295],[93.034961,28.327637],[92.881836,28.228125],[92.701855,28.147119],[92.652539,28.093359],[92.643457,28.061523],[92.665625,28.049854],[92.6875,28.025732],[92.687793,27.988965],[92.664355,27.948926],[92.54668,27.879199],[92.480664,27.845947],[92.414844,27.824609],[92.341016,27.820752],[92.270117,27.830225],[92.250488,27.841504],[92.222266,27.826953],[92.157617,27.812256],[92.10127,27.807617],[91.977637,27.730371],[91.909375,27.729687],[91.824707,27.746436],[91.712598,27.759814],[91.631934,27.759961],[91.629395,27.800879],[91.641895,27.923242],[91.605566,27.951709],[91.493359,27.981787],[91.367578,28.021631],[91.306836,28.064014],[91.273047,28.078369],[91.225879,28.07124],[91.149902,28.026758],[91.077734,27.974463],[91.020801,27.970068],[90.9625,27.99458],[90.906641,28.026514],[90.715723,28.071729],[90.630078,28.078564],[90.477344,28.07085],[90.352734,28.080225],[90.333105,28.093994],[90.333789,28.119141],[90.352148,28.168164],[90.362988,28.216504],[90.348242,28.243945],[90.220801,28.277734],[90.104492,28.302051],[89.981055,28.311182],[89.897852,28.294141],[89.816895,28.256299],[89.749805,28.188184],[89.652734,28.158301],[89.536914,28.107422],[89.480664,28.059961],[89.395898,27.958154],[89.272656,27.833154],[89.160449,27.711279],[89.102344,27.592578],[89.025488,27.517871],[88.947559,27.464014],[88.891406,27.316064],[88.83252,27.362842],[88.764844,27.429883],[88.749023,27.521875],[88.829883,27.767383],[88.848828,27.868652],[88.828613,27.907275],[88.803711,28.006934],[88.75625,28.039697],[88.621094,28.091846],[88.57793,28.093359],[88.531641,28.057373],[88.486133,28.034473],[88.425977,28.01167],[88.275195,27.968848],[88.141113,27.948926],[88.108984,27.933008],[88.098926,27.904541],[88.109766,27.870605],[88.02334,27.883398],[87.933398,27.89082],[87.860742,27.886084],[87.682715,27.821387],[87.622559,27.815186],[87.555273,27.821826],[87.46416,27.823828],[87.290723,27.821924],[87.141406,27.83833],[87.020117,27.928662],[86.933789,27.968457],[86.842383,27.99917],[86.750391,28.02207],[86.719629,28.070654],[86.690527,28.094922],[86.614453,28.103027],[86.554492,28.085205],[86.516895,27.963525],[86.484961,27.939551],[86.408691,27.928662],[86.328613,27.959521],[86.217969,28.02207],[86.174219,28.091699],[86.137012,28.114355],[86.078711,28.083594],[86.075488,27.99458],[86.06416,27.934717],[85.994531,27.9104],[85.954102,27.928223],[85.92168,27.989697],[85.840234,28.135352],[85.759473,28.220654],[85.67832,28.277441],[85.410645,28.276025],[85.212109,28.292627],[85.122461,28.315967],[85.088574,28.372266],[85.121484,28.484277],[85.160156,28.571875],[85.159082,28.592236],[85.126367,28.602637],[85.069141,28.609668],[84.855078,28.553613],[84.796875,28.560205],[84.759375,28.579248],[84.714258,28.595557],[84.676758,28.621533],[84.650586,28.65957],[84.46543,28.75293],[84.410742,28.803906],[84.312109,28.868115],[84.228711,28.911768],[84.175586,29.036377],[84.127832,29.156299],[84.101367,29.219971],[84.021973,29.253857],[83.935938,29.279492],[83.79043,29.227441],[83.671094,29.187598],[83.583496,29.183594],[83.456641,29.306348],[83.355176,29.43916],[83.235156,29.55459],[83.155469,29.612646],[83.013965,29.618066],[82.854297,29.683398],[82.64082,29.831201],[82.486523,29.941504],[82.220703,30.063867],[82.158984,30.115186],[82.135352,30.158984],[82.098926,30.245068],[82.043359,30.326758],[81.854883,30.362402],[81.641895,30.3875],[81.417188,30.337598],[81.255078,30.093311],[81.177148,30.039893],[81.110352,30.036816],[81.055566,30.098975],[81.010254,30.164502],[80.985449,30.237109],[80.873535,30.290576],[80.746777,30.3604],[80.682129,30.414844],[80.608887,30.448877],[80.541016,30.463525],[80.40957,30.509473],[80.260938,30.561328],[80.191211,30.568408],[80.18623,30.605322],[80.207129,30.68374],[80.194336,30.759229],[80.149414,30.789844],[80.081445,30.781934],[79.924512,30.88877],[79.918555,30.889893],[79.916602,30.894189],[79.871875,30.924609],[79.794629,30.968262],[79.664258,30.965234],[79.56543,30.949072],[79.493164,30.993701],[79.388477,31.064209],[79.369629,31.079932],[79.33877,31.105713],[79.232617,31.241748],[79.107129,31.402637],[79.04375,31.426221],[79.011133,31.414111],[78.973926,31.328613],[78.945996,31.337207],[78.899512,31.331348],[78.844531,31.301514],[78.791602,31.293652],[78.757812,31.30249],[78.743555,31.323779],[78.758594,31.436572],[78.726758,31.471826],[78.755078,31.550293],[78.80293,31.618066],[78.753906,31.668359],[78.693457,31.740381],[78.687012,31.805518],[78.719727,31.887646],[78.735449,31.957959],[78.725586,31.983789],[78.677734,32.023047],[78.495898,32.215771],[78.486133,32.23623],[78.455273,32.300342],[78.441309,32.397363],[78.41748,32.466699],[78.389648,32.519873],[78.391699,32.544727],[78.4125,32.557715],[78.526367,32.570801],[78.631543,32.578955],[78.700879,32.597021],[78.736719,32.558398],[78.753516,32.499268],[78.771289,32.468066],[78.837891,32.411963],[78.918945,32.358203],[78.997656,32.365137],[79.066992,32.388184],[79.127344,32.475781],[79.169922,32.497217],[79.219336,32.501074],[79.219043,32.507568],[79.216504,32.564014],[79.233887,32.703076],[79.22793,32.758789],[79.205566,32.809033],[79.20957,32.864844],[79.202246,32.946045],[79.145508,33.001465],[79.108594,33.022656],[79.102832,33.052539],[79.12168,33.108105],[79.135156,33.171924],[79.1125,33.22627],[79.066504,33.250391],[79.012598,33.291455],[78.948438,33.346533],[78.916699,33.386768],[78.865039,33.431104],[78.801855,33.499707],[78.789941,33.650342],[78.783789,33.808789],[78.761719,33.887598],[78.72666,34.013379],[78.731738,34.055566],[78.753027,34.087695],[78.931738,34.188965],[78.970605,34.228223],[78.976953,34.258105],[78.970117,34.302637],[78.936426,34.351953],[78.864844,34.390332],[78.763086,34.45293],[78.670801,34.518164],[78.515723,34.557959],[78.326953,34.606396],[78.282031,34.653906],[78.236133,34.769824],[78.158496,34.946484],[78.075781,35.134912],[78.012207,35.251025],[78.00918,35.306934],[78.047461,35.449414],[78.042676,35.479785],[78.009473,35.490234],[77.945898,35.471631],[77.894922,35.449023],[77.851562,35.460791],[77.810938,35.484521],[77.802539,35.492773],[77.799414,35.495898],[77.724023,35.480566],[77.572559,35.471826],[77.52002,35.473437],[77.446484,35.475586],[77.294824,35.508154],[77.090039,35.552051],[76.878906,35.613281],[76.766895,35.661719],[76.727539,35.678662],[76.631836,35.729395],[76.563477,35.772998],[76.55127,35.887061],[76.502051,35.878223],[76.385742,35.837158],[76.25166,35.810937],[76.177832,35.810547],[76.147852,35.829004],[76.10332,35.949219],[76.070898,35.983008],[76.010449,35.996338],[75.945117,36.017578],[75.912305,36.048975],[75.904883,36.088477],[75.934082,36.133936],[75.968652,36.168848],[75.974414,36.382422],[75.951855,36.458105],[75.933008,36.521582],[75.884961,36.600732],[75.840234,36.649707],[75.772168,36.694922],[75.667188,36.741992],[75.57373,36.759326],[75.460254,36.725049],[75.424219,36.738232],[75.376855,36.883691],[75.34668,36.913477],[75.145215,36.973242],[75.053906,36.987158],[74.949121,36.968359],[74.889258,36.952441],[74.841211,36.979102],[74.766016,37.012744],[74.692188,37.035742],[74.600586,37.03667],[74.541406,37.022168],[74.526465,37.030664],[74.497949,37.057227],[74.376172,37.137354],[74.372168,37.157715],[74.558984,37.236621],[74.668945,37.266699],[74.72666,37.290723],[74.738965,37.285645],[74.767383,37.24917],[74.840234,37.225049],[74.891309,37.231641],[74.918164,37.25],[75.008398,37.293555],[75.079004,37.344043],[75.11875,37.385693],[75.097461,37.45127],[74.986426,37.530371],[74.91582,37.572803],[74.894238,37.601416],[74.912305,37.687305],[74.938281,37.77251],[74.921289,37.80498],[74.900293,37.832715],[74.89082,37.925781],[74.84248,38.038086],[74.789648,38.103613],[74.775098,38.191895],[74.77207,38.274756],[74.835938,38.404297],[74.812305,38.460303],[74.74502,38.51001],[74.514063,38.6],[74.277441,38.659766],[74.187305,38.65752],[74.131348,38.661182],[74.065332,38.608496],[74.025586,38.539844],[73.97002,38.533691],[73.869141,38.562891],[73.80166,38.606885],[73.754102,38.698926],[73.716797,38.817236],[73.696094,38.854297],[73.706836,38.88623],[73.72998,38.914697],[73.794531,38.941309],[73.805273,38.968652],[73.795605,39.002148],[73.74375,39.044531],[73.69043,39.104541],[73.607324,39.229199],[73.623145,39.297852],[73.636328,39.39668],[73.631641,39.448877],[73.715723,39.462256],[73.822949,39.488965],[73.872754,39.533301],[73.907129,39.578516],[73.914648,39.606494],[73.88252,39.714551],[73.839746,39.762842],[73.835352,39.800146],[73.85625,39.828662],[73.88457,39.87793],[73.93877,39.978809],[73.991602,40.043115],[74.020508,40.059375],[74.085156,40.074316],[74.242676,40.092041],[74.411914,40.137207],[74.613086,40.272168],[74.679883,40.310596],[74.767773,40.329883],[74.830469,40.328516],[74.841797,40.344971],[74.80127,40.428516],[74.811133,40.458789],[74.835156,40.482617],[74.865625,40.493506],[75.004492,40.449512],[75.111328,40.454102],[75.241016,40.480273],[75.520801,40.627539],[75.555566,40.625195],[75.583496,40.605322],[75.617383,40.516602],[75.655957,40.329248],[75.677148,40.305811],[75.871973,40.303223],[76.004297,40.371436],[76.062305,40.387549],[76.156641,40.376465],[76.206055,40.408398],[76.258301,40.430762],[76.318555,40.352246],[76.396387,40.389795],[76.480176,40.449512],[76.520898,40.51123],[76.57793,40.577881],[76.622168,40.662354],[76.639844,40.742236],[76.661133,40.779639],[76.708398,40.818115],[76.824023,40.982324],[76.907715,41.02417],[76.986621,41.03916],[77.182031,41.010742],[77.283984,41.014355],[77.581738,40.992773],[77.719336,41.024316],[77.815234,41.055615],[77.956445,41.050684],[78.123438,41.075635],[78.346289,41.281445],[78.348828,41.325195],[78.362402,41.371631],[78.442871,41.417529],[78.543164,41.45957],[78.742578,41.560059],[79.148438,41.719141],[79.293555,41.782812],[79.354395,41.781055],[79.503906,41.820996],[79.766113,41.898877],[79.84043,41.995752],[79.909668,42.01499],[80.216211,42.032422],[80.235156,42.043457],[80.246191,42.059814],[80.229199,42.129834],[80.209375,42.190039],[80.233008,42.207812],[80.259082,42.2354],[80.255078,42.27417],[80.205762,42.399414],[80.179297,42.518359],[80.161914,42.625537],[80.165039,42.665527],[80.202246,42.734473],[80.250293,42.797266],[80.424023,42.855762],[80.538965,42.873486],[80.54375,42.911719],[80.450684,42.935547],[80.383398,42.973779],[80.371289,42.995605],[80.374512,43.02041],[80.390234,43.043115],[80.507031,43.085791],[80.616992,43.128271],[80.751172,43.10249],[80.777734,43.118945],[80.785742,43.161572],[80.757031,43.204346],[80.729785,43.274268],[80.667773,43.310059],[80.66543,43.352979],[80.703809,43.427051],[80.650781,43.56416],[80.593457,43.685107],[80.495996,43.89209],[80.431543,43.951758],[80.395801,44.047168],[80.355273,44.097266],[80.358984,44.171289],[80.365332,44.223291],[80.354883,44.326514],[80.336328,44.438379],[80.355078,44.552002],[80.391016,44.626807],[80.381445,44.65542],[80.400586,44.676904],[80.455469,44.684082],[80.481543,44.714648],[80.455469,44.746094],[80.36084,44.770312],[80.255078,44.808105],[80.127832,44.80376],[79.997168,44.797217],[79.932129,44.825195],[79.875293,44.86084],[79.871875,44.883789],[79.950195,44.944092],[80.05918,45.006445],[80.228223,45.033984],[80.414941,45.075098],[80.50918,45.10498],[80.634766,45.126514],[80.780078,45.135547],[80.85332,45.129297],[81.040332,45.169141],[81.334766,45.246191],[81.602051,45.31084],[81.691992,45.349365],[81.758887,45.31084],[81.789648,45.226025],[81.86748,45.18208],[81.944922,45.16084],[81.989258,45.161865],[82.122754,45.194873],[82.266602,45.219092],[82.323438,45.205859],[82.39668,45.162451],[82.478711,45.123584],[82.521484,45.125488],[82.558984,45.15542],[82.596973,45.215967],[82.621094,45.293115],[82.625781,45.374414],[82.611621,45.424268],[82.58252,45.442578],[82.45166,45.471973],[82.32666,45.519922],[82.312207,45.563721],[82.315234,45.594922],[82.348145,45.671533],[82.429688,45.811914],[82.511719,46.005811],[82.555078,46.158691],[82.692187,46.38667],[82.8,46.624463],[82.974902,46.966016],[83.004102,47.033496],[83.020117,47.141455],[83.029492,47.185937],[83.090332,47.209375],[83.193066,47.186572],[83.443555,47.108643],[83.634082,47.043213],[83.713965,47.021045],[83.832617,46.997852],[84.016016,46.970508],[84.12207,46.978613],[84.215137,46.994727],[84.338867,46.996143],[84.532422,46.975781],[84.592285,46.974951],[84.666602,46.972363],[84.719531,46.939355],[84.745996,46.864355],[84.786133,46.830713],[84.858203,46.843164],[85.012207,46.909229],[85.110547,46.96123],[85.233496,47.036377],[85.355371,47.046729],[85.484766,47.063525],[85.529688,47.100781],[85.577246,47.188477],[85.656641,47.254639],[85.669824,47.338379],[85.641797,47.397412],[85.586621,47.493652],[85.588281,47.558496],[85.561621,47.746484],[85.525977,47.915625],[85.562305,48.051855],[85.626367,48.204004],[85.651563,48.250537],[85.692187,48.311816],[85.749414,48.385059],[85.829883,48.408057],[86.056152,48.42373],[86.265625,48.454541],[86.372559,48.48623],[86.483301,48.505371],[86.549414,48.528613],[86.66377,48.635547],[86.717969,48.697168],[86.757812,48.860742],[86.728613,48.939355],[86.753125,49.008838],[86.808301,49.049707],[86.885938,49.090576],[86.937988,49.097559],[87.048535,49.109912],[87.22998,49.105859],[87.322852,49.085791],[87.416699,49.076611],[87.476172,49.091455],[87.51582,49.122412],[87.576563,49.132373],[87.668359,49.147217],[87.7625,49.16582],[87.814258,49.162305],[87.825195,49.116309],[87.816309,49.080273],[87.834668,49.031934],[87.872168,49.000146],[87.859863,48.965527],[87.806836,48.945508],[87.754687,48.918555],[87.743164,48.881641],[87.80918,48.835742],[87.831836,48.79165],[87.942187,48.765283],[88.02793,48.735596],[88.060059,48.707178],[88.050195,48.675049],[88.010645,48.64043],[87.972266,48.60332],[87.967383,48.581055],[87.979688,48.555127],[88.062598,48.537842],[88.158203,48.509082],[88.309961,48.47207],[88.413965,48.403418],[88.51709,48.384473],[88.566797,48.317432],[88.575977,48.220166],[88.681836,48.170557],[88.838281,48.101709],[88.917773,48.089014],[88.971094,48.049951],[89.047656,48.002539],[89.115625,47.987695],[89.196289,47.980908],[89.329883,48.024854],[89.479199,48.029053],[89.560938,48.003955],[89.638477,47.909082],[89.693164,47.87915],[89.725586,47.85249],[89.778125,47.827002],[89.831348,47.823291],[89.910449,47.844336],[89.958691,47.886328],[90.02793,47.877686],[90.053906,47.850488],[90.066602,47.803564],[90.103223,47.74541],[90.191016,47.7021],[90.313281,47.676172],[90.330664,47.655176],[90.347461,47.596973],[90.380664,47.556641],[90.425195,47.504102],[90.46748,47.408154],[90.476465,47.328809],[90.496191,47.285156],[90.55293,47.214014],[90.643359,47.100293],[90.715527,47.003857],[90.799023,46.985156],[90.869922,46.954492],[90.910547,46.883252],[90.985742,46.749023],[90.997852,46.661084],[91.004297,46.595752],[91.028906,46.566064],[91.033887,46.529004],[90.971484,46.387988],[90.918262,46.324268],[90.911523,46.270654],[90.947559,46.177295],[90.996777,46.10498],[91.001758,46.035791],[90.959766,45.985059],[90.887109,45.921631],[90.852441,45.8854],[90.795898,45.853516],[90.709668,45.730811],[90.670703,45.595166],[90.661816,45.525244],[90.694434,45.474658],[90.749609,45.418945],[90.763184,45.370654],[90.853223,45.262891],[90.877246,45.196094],[90.913965,45.193945],[90.953613,45.215918],[91.05,45.217432],[91.137695,45.193945],[91.221777,45.144531],[91.312109,45.118115],[91.441016,45.124756],[91.510059,45.098242],[91.584375,45.076514],[91.737793,45.068945],[91.852832,45.069336],[92.029785,45.068506],[92.172656,45.035254],[92.423828,45.008936],[92.578906,45.010986],[92.787891,45.035742],[92.916016,45.020166],[93.294336,44.983154],[93.516211,44.944482],[93.656445,44.900977],[93.755273,44.831934],[93.868164,44.724219],[93.95791,44.674951],[94.199316,44.645166],[94.364746,44.519482],[94.494336,44.47251],[94.712012,44.35083],[94.866016,44.30332],[95.049805,44.259424],[95.350293,44.278076],[95.366797,44.261523],[95.343652,44.19541],[95.325586,44.104883],[95.325586,44.039355],[95.356445,44.005957],[95.471289,43.986182],[95.525586,43.953955],[95.567187,43.892236],[95.591211,43.853613],[95.687305,43.664062],[95.841992,43.383691],[95.85957,43.275977],[95.9125,43.206494],[96.080273,43.096143],[96.168457,43.014502],[96.299512,42.928711],[96.34248,42.849316],[96.352344,42.746777],[96.385449,42.720361],[96.625293,42.743848],[96.833008,42.760254],[97.205664,42.789795],[97.718945,42.736279],[98.248242,42.684521],[98.716309,42.638721],[98.946875,42.616211],[99.467871,42.568213],[99.757422,42.629443],[99.983789,42.677344],[100.086328,42.670752],[100.519043,42.616797],[100.772559,42.587793],[101.091992,42.551318],[101.31377,42.537891],[101.495313,42.53877],[101.579102,42.523535],[101.659961,42.500049],[101.713867,42.46582],[101.879883,42.292334],[101.972949,42.215869],[102.156641,42.158105],[102.575195,42.09209],[102.806836,42.052002],[103.072852,42.005957],[103.247852,41.936572],[103.449707,41.855859],[103.711133,41.751318],[103.997266,41.796973],[104.305176,41.846143],[104.498242,41.877002],[104.498242,41.658691],[104.773633,41.641162],[104.860352,41.64375],[104.982031,41.595508],[105.050586,41.615918],[105.11543,41.663281],[105.19707,41.738037],[105.314355,41.770898],[105.51709,41.854736],[105.566406,41.875098],[105.867578,41.993994],[106.317187,42.140576],[106.51875,42.211572],[106.579102,42.227344],[106.693164,42.263574],[106.77002,42.288721],[106.906055,42.308887],[107.090723,42.321533],[107.292383,42.349268],[107.74873,42.400977],[107.805957,42.405859],[108.062305,42.427197],[108.171191,42.447314],[108.333984,42.436768],[108.546484,42.429297],[108.687305,42.416113],[108.874512,42.426465],[109.131641,42.440576],[109.339844,42.438379],[109.443164,42.455957],[109.595508,42.510547],[109.698047,42.553809],[109.858789,42.60625],[110.058008,42.660596],[110.196875,42.71001],[110.288867,42.742725],[110.400391,42.773682],[110.42959,42.813574],[110.461719,42.844141],[110.520898,42.895264],[110.627539,42.990527],[110.708594,43.073877],[110.748535,43.110791],[110.839551,43.194092],[110.913281,43.256885],[111.007227,43.341406],[111.086523,43.36875],[111.186816,43.391992],[111.451074,43.474902],[111.503516,43.492773],[111.547363,43.496289],[111.64082,43.563184],[111.719727,43.621143],[111.771094,43.6646],[111.878125,43.680176],[111.933203,43.711426],[111.942871,43.752441],[111.931738,43.814941],[111.880273,43.878906],[111.836914,43.934668],[111.683789,44.041113],[111.602637,44.107129],[111.519727,44.191895],[111.48623,44.271631],[111.42959,44.322363],[111.402246,44.367285],[111.410937,44.419189],[111.489453,44.511572],[111.514746,44.569824],[111.547461,44.6729],[111.621289,44.827148],[111.681445,44.89917],[111.751074,44.969531],[111.898047,45.064062],[112.032617,45.081641],[112.112891,45.062939],[112.29209,45.063037],[112.411328,45.058203],[112.499316,45.010937],[112.596777,44.917676],[112.706738,44.883447],[113.049414,44.810352],[113.196094,44.794824],[113.300977,44.79165],[113.455664,44.767432],[113.50791,44.762354],[113.587012,44.745703],[113.652637,44.763477],[113.752148,44.825928],[113.877051,44.896191],[113.930859,44.912305],[114.030273,44.942578],[114.080273,44.971143],[114.167383,45.049854],[114.281055,45.110889],[114.419141,45.202588],[114.487305,45.271729],[114.502246,45.316309],[114.517188,45.3646],[114.560156,45.38999],[114.644336,45.413281],[114.73877,45.419629],[114.919238,45.378271],[115.162598,45.390234],[115.21748,45.396191],[115.439453,45.419971],[115.539453,45.439502],[115.681055,45.458252],[115.78916,45.534814],[115.93418,45.626172],[116.039551,45.676953],[116.109863,45.686719],[116.197656,45.739355],[116.240625,45.795996],[116.229102,45.845752],[116.212988,45.886914],[116.264551,45.963037],[116.357617,46.096582],[116.444824,46.158789],[116.516699,46.209082],[116.562598,46.289795],[116.619336,46.313086],[116.688867,46.321973],[116.787012,46.37666],[116.859082,46.387939],[116.978809,46.361768],[117.155957,46.355078],[117.269043,46.352246],[117.333398,46.362012],[117.356934,46.391309],[117.356348,46.43667],[117.392188,46.537598],[117.405566,46.570898],[117.438086,46.58623],[117.546875,46.588281],[117.620508,46.552002],[117.671094,46.52207],[117.741211,46.518164],[117.813477,46.537695],[117.910449,46.619336],[118.071289,46.666602],[118.156836,46.678564],[118.308691,46.717041],[118.404395,46.703174],[118.580469,46.691895],[118.64873,46.70166],[118.722949,46.691895],[118.790332,46.74707],[118.843945,46.760205],[118.957129,46.734863],[119.028516,46.692187],[119.162109,46.638672],[119.331836,46.613818],[119.474023,46.62666],[119.620215,46.603955],[119.706641,46.606006],[119.747461,46.627197],[119.867188,46.672168],[119.895898,46.732861],[119.88418,46.791455],[119.897852,46.857812],[119.862695,46.906592],[119.788477,46.978809],[119.759863,47.027002],[119.757227,47.090039],[119.711133,47.15],[119.600195,47.222461],[119.526953,47.255908],[119.37666,47.380859],[119.325977,47.410156],[119.308594,47.430713],[119.29082,47.472656],[119.235254,47.492578],[119.162402,47.525195],[119.122949,47.558496],[119.097266,47.61626],[119.081934,47.65415],[119.017578,47.685352],[118.953125,47.70293],[118.880273,47.725098],[118.759961,47.757617],[118.690527,47.822266],[118.567773,47.943262],[118.498438,47.983984],[118.239648,47.999512],[118.14707,48.028906],[118.041895,48.018945],[117.979199,47.999609],[117.84043,47.999854],[117.768359,47.987891],[117.67666,47.908301],[117.555371,47.804688],[117.455078,47.741357],[117.383984,47.675732],[117.350781,47.652197],[117.285937,47.666357],[117.19707,47.740283],[117.069727,47.806396],[116.95166,47.836572],[116.901172,47.853076],[116.760547,47.869775],[116.651953,47.864502],[116.513477,47.839551],[116.378223,47.844043],[116.317187,47.859863],[116.231152,47.858203],[116.074805,47.789551],[115.993848,47.711328],[115.898242,47.686914],[115.811719,47.738232],[115.711719,47.798926],[115.616406,47.874805],[115.557617,47.94502],[115.525098,48.130859],[115.639453,48.18623],[115.785547,48.248242],[115.796582,48.346338],[115.791699,48.455713],[115.820508,48.577246],[115.953809,48.689355],[116.025488,48.782275],[116.034375,48.840039],[116.098242,48.936133],[116.159668,49.037451],[116.243359,49.170361],[116.402148,49.406201],[116.589746,49.684814],[116.683301,49.823779],[116.888965,49.737793],[117.02168,49.692969],[117.245605,49.624854],[117.477148,49.609424],[117.698438,49.53584],[117.812598,49.513525],[117.873438,49.513477],[118.186621,49.692773],[118.451563,49.844482],[118.755957,49.962842],[118.979492,49.978857],[119.147461,50.013379],[119.259863,50.066406],[119.326074,50.154932],[119.346289,50.278955],[119.301562,50.353906],[119.191895,50.379834],[119.163672,50.406006],[119.216699,50.43252],[119.255859,50.48418],[119.280664,50.560986],[119.344043,50.633887],[119.445703,50.702832],[119.501758,50.779248],[119.512305,50.863135],[119.573438,50.946777],[119.684961,51.030127],[119.745996,51.107715],[119.756641,51.179492],[119.813184,51.267041],[119.966992,51.422119],[120.066895,51.600684],[120.237012,51.722998],[120.510547,51.848535],[120.681445,51.973047],[120.749805,52.096533],[120.744531,52.205469],[120.66543,52.299902],[120.650391,52.395898],[120.699219,52.493604],[120.656152,52.56665],[120.521094,52.615039],[120.360059,52.627002],[120.172754,52.60249],[120.067578,52.63291],[120.044336,52.718213],[120.094531,52.787207],[120.218164,52.839893],[120.421289,52.968066],[120.704102,53.171826],[120.985449,53.28457],[121.405469,53.317041],[121.743945,53.383594],[122.088867,53.451465],[122.337793,53.48501],[122.380176,53.4625],[122.51582,53.456982],[122.744727,53.468506],[122.957617,53.497705],[123.154102,53.54458],[123.30957,53.555615],[123.424023,53.530762],[123.489453,53.529443],[123.534766,53.526465],[123.559766,53.52666],[123.607813,53.546533],[123.740918,53.510986],[123.994727,53.405615],[124.154297,53.358691],[124.219922,53.370117],[124.291406,53.340869],[124.369141,53.270947],[124.465918,53.229639],[124.639844,53.210645],[124.812305,53.133838],[124.882129,53.129736],[124.906641,53.172656],[124.970898,53.197314],[125.075,53.203662],[125.225586,53.16582],[125.422461,53.08374],[125.545996,53.047607],[125.595996,53.057471],[125.649023,53.042285],[125.691699,53.003711],[125.695312,52.956299],[125.680762,52.930811],[125.728125,52.890723],[125.782813,52.890723],[125.871875,52.871533],[125.941602,52.800684],[126.004297,52.767871],[126.048145,52.739453],[126.056055,52.715869],[126.060156,52.691992],[126.04707,52.673486],[126.023242,52.643018],[126.016016,52.610205],[126.045898,52.57334],[126.156641,52.546631],[126.194434,52.519141],[126.20293,52.483838],[126.237598,52.444824],[126.312891,52.399756],[126.341699,52.362012],[126.324219,52.331641],[126.346289,52.30625],[126.383496,52.286523],[126.391504,52.214502],[126.394824,52.172998],[126.455566,52.126465],[126.468066,52.031299],[126.510547,51.92583],[126.653711,51.781299],[126.700781,51.703027],[126.688672,51.609912],[126.70918,51.566309],[126.774512,51.545068],[126.805469,51.505664],[126.801758,51.448047],[126.827344,51.412256],[126.847754,51.37417],[126.833789,51.314893],[126.854395,51.261377],[126.887695,51.230127],[126.911523,51.172314],[126.924805,51.100146],[127.02041,50.985889],[127.198242,50.829443],[127.307031,50.707959],[127.346875,50.621338],[127.347168,50.550098],[127.308203,50.494189],[127.306055,50.453516],[127.34082,50.428076],[127.351172,50.393604],[127.337207,50.350146],[127.395313,50.298584],[127.590234,50.208984],[127.512305,50.07168],[127.491797,49.975049],[127.502441,49.873437],[127.550781,49.801807],[127.636719,49.760205],[127.690137,49.716748],[127.711133,49.671533],[127.814258,49.622119],[127.999609,49.568604],[128.237109,49.559277],[128.526758,49.594238],[128.704004,49.600146],[128.769043,49.576953],[128.791016,49.541846],[128.770313,49.494727],[128.819336,49.46377],[128.938281,49.448926],[129.020313,49.419238],[129.065137,49.374658],[129.120117,49.362061],[129.185156,49.381396],[129.248438,49.378662],[129.309863,49.353857],[129.350098,49.362354],[129.384668,49.389453],[129.440723,49.389453],[129.498145,49.388818],[129.533691,49.323437],[129.591406,49.28667],[129.671094,49.278516],[129.792578,49.198877],[130.037109,48.972266],[130.195996,48.89165],[130.355273,48.866357],[130.553125,48.861182],[130.617188,48.773193],[130.565625,48.680127],[130.552148,48.60249],[130.597266,48.574658],[130.65918,48.483398],[130.746875,48.430371],[130.763477,48.388428],[130.804297,48.341504],[130.787207,48.25459],[130.712109,48.127637],[130.732617,48.019238],[130.848633,47.929443],[130.91543,47.84292],[130.932813,47.759814],[130.961914,47.709326],[131.002734,47.691455],[131.121875,47.697656],[131.319336,47.727832],[131.464258,47.722607],[131.556738,47.682031],[131.785254,47.680518],[132.149805,47.717969],[132.380176,47.729492],[132.47627,47.71499],[132.561914,47.768506],[132.636914,47.890088],[132.707227,47.947266],[132.772852,47.940088],[132.877148,47.979102],[133.020117,48.064404],[133.144043,48.105664],[133.301172,48.101514],[133.468359,48.097168],[133.573242,48.133008],[133.671777,48.207715],[133.842188,48.27373],[134.205859,48.359912],[134.293359,48.373437],[134.334961,48.368848],[134.456152,48.355322],[134.563574,48.321729],[134.665234,48.253906],[134.680859,48.210449],[134.669336,48.15332],[134.647266,48.120166],[134.605371,48.08291],[134.566016,48.02251],[134.591309,47.975195],[134.650293,47.874268],[134.698633,47.801416],[134.752344,47.71543],[134.728125,47.684473],[134.695801,47.624854],[134.596191,47.523877],[134.541895,47.485156],[134.483496,47.447363],[134.38252,47.438232],[134.339453,47.429492],[134.29082,47.413574],[134.260059,47.377734],[134.225195,47.352637],[134.167676,47.302197],[134.162988,47.25874],[134.189258,47.194238],[134.202148,47.128076],[134.136914,47.068994],[134.086426,46.978125],[134.071387,46.950781],[134.045996,46.881982],[134.038574,46.858154],[134.022656,46.713184],[133.95752,46.614258],[133.866602,46.499121],[133.886719,46.430566],[133.902734,46.366943],[133.880273,46.336035],[133.874805,46.309082],[133.861328,46.247754],[133.832813,46.224268],[133.750195,46.185937],[133.700684,46.139746],[133.711133,46.069629],[133.685742,46.008936],[133.647852,45.955225],[133.608008,45.920312],[133.551172,45.897803],[133.513086,45.878809],[133.484668,45.810449],[133.475781,45.757666],[133.449121,45.705078],[133.465625,45.651221],[133.436426,45.604687],[133.355469,45.572217],[133.30957,45.553076],[133.266992,45.545264],[133.186035,45.494824],[133.113379,45.321436],[133.096875,45.220459],[133.113477,45.130713],[133.011719,45.074561],[132.936035,45.029932],[132.88877,45.046045],[132.838672,45.061133],[132.723145,45.080566],[132.665625,45.093701],[132.549023,45.122803],[132.362988,45.159961],[132.181348,45.203271],[132.067383,45.225977],[131.977539,45.243994],[131.909277,45.27373],[131.851855,45.326855],[131.794922,45.305273],[131.74209,45.242627],[131.654004,45.205371],[131.613965,45.136572],[131.578711,45.083643],[131.4875,45.013135],[131.446875,44.984033],[131.268262,44.936133],[131.22793,44.920166],[131.082324,44.91001],[131.033008,44.888867],[130.981641,44.844336],[130.967773,44.799951],[131.003906,44.753223],[131.060645,44.659668],[131.086914,44.595654],[131.125781,44.469189],[131.255273,44.071582],[131.213281,44.00293],[131.174219,43.704736],[131.183594,43.650879],[131.180078,43.56709],[131.182422,43.505566],[131.20918,43.49043],[131.243945,43.469043],[131.261816,43.433057],[131.257324,43.378076],[131.239355,43.337646],[131.211914,43.257764],[131.175586,43.142187],[131.135547,43.097607],[131.108984,43.062451],[131.086133,43.038086],[131.083496,42.956299],[131.068555,42.902246],[131.005566,42.883105],[130.942871,42.851758],[130.868555,42.86333],[130.80332,42.856836],[130.722461,42.83584],[130.577246,42.811621],[130.492969,42.779102],[130.452734,42.75542],[130.424805,42.727051],[130.419922,42.699854],[130.439258,42.685547],[130.520605,42.674316],[130.576563,42.623242],[130.584473,42.567334],[130.526953,42.5354],[130.498242,42.570508],[130.450293,42.581689],[130.360742,42.630859],[130.295605,42.684961],[130.24668,42.744824],[130.248828,42.872607],[130.240332,42.891797],[130.15127,42.917969],[130.124805,42.956006],[130.082617,42.97417],[130.022266,42.962598],[129.976953,42.974854],[129.941211,42.995654],[129.898242,42.998145],[129.861035,42.965088],[129.841504,42.894238],[129.779199,42.776562],[129.773438,42.705469],[129.746484,42.603809],[129.719727,42.475],[129.697852,42.448145],[129.62793,42.444287],[129.603906,42.435889],[129.567578,42.39209],[129.52373,42.384668],[129.484863,42.410303],[129.423633,42.435889],[129.36582,42.439209],[129.313672,42.413574],[129.252539,42.357861],[129.217773,42.312695],[129.205371,42.270557],[129.195508,42.218457],[129.133691,42.168506],[129.077246,42.142383],[128.960645,42.068799],[128.923438,42.038232],[128.839844,42.037842],[128.749023,42.040674],[128.626758,42.02085],[128.427246,42.010742],[128.307813,42.025635],[128.160156,42.011621],[128.045215,41.9875],[128.028711,41.951611],[128.03291,41.898486],[128.056055,41.86377],[128.08418,41.840576],[128.131934,41.769141],[128.181738,41.700049],[128.257812,41.655371],[128.289258,41.607422],[128.290918,41.562793],[128.254883,41.506543],[128.200293,41.433008],[128.149414,41.387744],[128.11123,41.389258],[128.052734,41.415625],[128.013086,41.448682],[127.918652,41.461133],[127.687695,41.43999],[127.572168,41.454736],[127.516992,41.481738],[127.420313,41.483789],[127.270801,41.519824],[127.179688,41.531348],[127.136719,41.554541],[127.128418,41.607422],[127.085352,41.643799],[127.061328,41.687354],[127.006934,41.742041],[126.954785,41.769482],[126.903516,41.781055],[126.847266,41.747998],[126.787695,41.718213],[126.743066,41.724854],[126.721582,41.716553],[126.696973,41.691895],[126.60127,41.640967],[126.57832,41.594336],[126.540137,41.495557],[126.513574,41.393994],[126.49043,41.358057],[126.451465,41.351855],[126.411816,41.321338],[126.328711,41.225684],[126.253613,41.137793],[126.144531,41.078271],[126.093164,41.023682],[126.066797,40.974072],[125.989062,40.904639],[125.874902,40.892236],[125.783984,40.872021],[125.72832,40.866699],[125.688281,40.838672],[125.65918,40.795898],[125.645117,40.778955],[125.593848,40.778955],[125.542578,40.742578],[125.416895,40.659912],[125.314453,40.644629],[125.185938,40.589404],[125.072949,40.547461],[125.025977,40.523877],[125.013379,40.497852],[124.996875,40.464746],[124.942285,40.458154],[124.889355,40.459814],[124.771973,40.38374],[124.712402,40.319238],[124.481055,40.181641],[124.386621,40.104248],[124.362109,40.004053],[124.35,40.011572],[124.26748,39.92417],[124.105762,39.841016],[123.760156,39.822412],[123.650879,39.881592],[123.61123,39.84082],[123.580664,39.786133],[123.490039,39.767871],[123.348145,39.762939],[123.268945,39.726904],[123.226562,39.686621],[123.032227,39.673535],[122.960938,39.619922],[122.840039,39.60083],[122.334863,39.366113],[122.225,39.267334],[122.120898,39.151904],[122.047656,39.093799],[121.982324,39.053174],[121.922656,39.036523],[121.864355,38.996484],[121.805176,38.991406],[121.744824,39.009668],[121.677246,39.003418],[121.632812,38.954834],[121.67041,38.891797],[121.649902,38.865088],[121.517188,38.830762],[121.320117,38.808203],[121.236328,38.766943],[121.207422,38.743506],[121.163574,38.731641],[121.12168,38.813281],[121.106738,38.920801],[121.188281,38.94668],[121.263281,38.960254],[121.679883,39.108691],[121.627637,39.220166],[121.664551,39.26875],[121.757812,39.347559],[121.818457,39.386523],[121.785449,39.40083],[121.5125,39.374854],[121.355664,39.376807],[121.275488,39.384766],[121.299805,39.452197],[121.286328,39.519434],[121.26748,39.544678],[121.406445,39.62124],[121.469531,39.640137],[121.517578,39.638965],[121.514258,39.685254],[121.474219,39.754883],[121.517383,39.844824],[121.800977,39.950537],[121.868945,40.046387],[121.982813,40.13584],[122.190918,40.358252],[122.20332,40.396045],[122.263867,40.500195],[122.275,40.541846],[122.178711,40.602734],[122.14043,40.688184],[121.858789,40.84209],[121.834863,40.974268],[121.808594,40.968506],[121.765625,40.875879],[121.729297,40.846143],[121.598926,40.843408],[121.537109,40.878418],[121.174512,40.90127],[121.085938,40.841602],[121.00293,40.749121],[120.922266,40.683105],[120.841309,40.649219],[120.770703,40.589062],[120.479102,40.230957],[120.368945,40.203857],[119.850391,39.987451],[119.591113,39.902637],[119.391113,39.75249],[119.322363,39.661621],[119.261328,39.560889],[119.224609,39.408057],[119.040137,39.222363],[118.976953,39.182568],[118.912305,39.166406],[118.826465,39.172119],[118.752441,39.160498],[118.626367,39.176855],[118.471973,39.118018],[118.297852,39.06709],[118.147852,39.195068],[118.040918,39.226758],[117.865723,39.19126],[117.784668,39.134473],[117.616699,38.852881],[117.553809,38.691455],[117.557813,38.625146],[117.656055,38.424219],[117.766699,38.31167],[118.014941,38.183398],[118.543262,38.094922],[118.66709,38.126367],[118.8,38.12666],[118.940039,38.042773],[119.027539,37.904004],[119.035645,37.80918],[119.038477,37.776514],[119.070312,37.748584],[119.08916,37.700732],[119.033496,37.661035],[118.99082,37.641357],[118.954883,37.494092],[118.952637,37.331152],[118.998145,37.2771],[119.111816,37.201172],[119.287402,37.138281],[119.449902,37.124756],[119.760547,37.155078],[119.8875,37.253369],[119.87998,37.295801],[119.88291,37.35083],[120.155859,37.49502],[120.311523,37.622705],[120.287109,37.656494],[120.257227,37.679004],[120.284668,37.69209],[120.370117,37.701025],[120.75,37.833936],[121.049023,37.725195],[121.219531,37.600146],[121.388086,37.578955],[121.505273,37.515039],[121.640234,37.460352],[121.816406,37.456641],[121.964844,37.445312],[122.010156,37.495752],[122.056641,37.528906],[122.10957,37.522314],[122.169141,37.456152],[122.337695,37.405273],[122.493262,37.407959],[122.602344,37.426416],[122.666992,37.402832],[122.57334,37.31792],[122.587305,37.181104],[122.515527,37.137842],[122.44668,37.068115],[122.487402,37.022266],[122.523438,37.002637],[122.519727,36.946826],[122.457031,36.915137],[122.340918,36.832227],[122.274219,36.833838],[122.242285,36.849854],[122.219727,36.879541],[122.203223,36.927197],[122.162402,36.958643],[122.049512,36.970752],[121.932715,36.959473],[121.669629,36.836377],[121.413086,36.738379],[121.144043,36.660449],[121.053809,36.611377],[120.989941,36.597949],[120.878516,36.635156],[120.81084,36.632812],[120.79668,36.607227],[120.882617,36.538916],[120.90498,36.485303],[120.895801,36.444141],[120.84707,36.426074],[120.776172,36.456299],[120.711523,36.413281],[120.682227,36.340723],[120.680957,36.168359],[120.637891,36.129932],[120.519336,36.108691],[120.393066,36.053857],[120.348242,36.079199],[120.330273,36.110107],[120.343457,36.189453],[120.327734,36.228174],[120.270117,36.226172],[120.183301,36.202441],[120.116992,36.150293],[120.094141,36.118896],[120.181445,36.01748],[120.264746,36.007227],[120.284766,35.984424],[120.219043,35.934912],[120.054688,35.861133],[120.027441,35.799365],[119.978711,35.740234],[119.911719,35.693213],[119.866211,35.643652],[119.810547,35.617725],[119.719727,35.588721],[119.608398,35.469873],[119.526465,35.358594],[119.429688,35.301416],[119.352832,35.113818],[119.21582,35.011768],[119.165332,34.848828],[119.200977,34.748437],[119.351367,34.749414],[119.426758,34.71416],[119.58291,34.582227],[119.769727,34.496191],[119.963672,34.447803],[120.201465,34.325684],[120.266699,34.274023],[120.322656,34.168994],[120.425684,33.866309],[120.499805,33.716455],[120.504785,33.638184],[120.615625,33.490527],[120.734473,33.236621],[120.871094,33.016504],[120.897363,32.843213],[120.853027,32.764111],[120.853223,32.661377],[120.989941,32.567041],[121.293359,32.457324],[121.341699,32.425049],[121.400977,32.371924],[121.403906,32.20625],[121.450781,32.15332],[121.490527,32.121094],[121.674219,32.051025],[121.751074,31.992871],[121.832422,31.899756],[121.856348,31.816455],[121.866309,31.703564],[121.763574,31.699512],[121.680859,31.712158],[121.351953,31.858789],[121.266406,31.862695],[121.145801,31.842334],[120.973535,31.869385],[120.791699,32.031738],[120.660547,32.081055],[120.520117,32.105859],[120.184082,31.966162],[120.09873,31.975977],[120.073926,31.960254],[120.035937,31.936279],[120.191602,31.906348],[120.347461,31.9521],[120.497168,32.019824],[120.715527,31.98374],[120.752246,31.922852],[120.787793,31.819775],[120.9375,31.750195],[121.055371,31.719434],[121.204883,31.628076],[121.350977,31.485352],[121.660645,31.319727],[121.785937,31.162891],[121.834473,31.061621],[121.87793,30.916992],[121.769434,30.870361],[121.675195,30.86377],[121.527539,30.840967],[121.418945,30.789795],[121.309961,30.699707],[120.997656,30.558252],[120.938281,30.469727],[120.897461,30.392627],[120.821484,30.354639],[120.62998,30.390869],[120.449805,30.387842],[120.245508,30.283545],[120.194629,30.241309],[120.228516,30.249561],[120.260547,30.263037],[120.352539,30.247412],[120.494531,30.303076],[120.633398,30.133154],[120.904492,30.160645],[121.159375,30.301758],[121.258008,30.304102],[121.340625,30.282373],[121.432715,30.22666],[121.67793,29.979102],[121.812305,29.952148],[121.944336,29.894092],[122.017285,29.887695],[122.08291,29.870361],[121.905762,29.779687],[121.676562,29.583789],[121.574609,29.537012],[121.50625,29.48457],[121.69043,29.510986],[121.821875,29.604639],[121.887988,29.627783],[121.941211,29.605908],[121.968359,29.490625],[121.917773,29.13501],[121.853516,29.128906],[121.79082,29.225684],[121.71748,29.256348],[121.655957,29.236133],[121.533691,29.236719],[121.487109,29.193164],[121.447656,29.131348],[121.520898,29.118457],[121.664941,29.010596],[121.679688,28.953125],[121.641016,28.915918],[121.540039,28.931885],[121.6625,28.851416],[121.630078,28.76792],[121.590332,28.734814],[121.519141,28.713672],[121.475195,28.641406],[121.538086,28.521094],[121.602051,28.366602],[121.609961,28.292139],[121.509961,28.324268],[121.35459,28.229883],[121.272266,28.222119],[121.216797,28.346191],[121.145703,28.32666],[121.098437,28.290527],[121.035449,28.157275],[120.958594,28.037012],[120.89248,28.003906],[120.812988,28.013379],[120.747656,28.009961],[120.763477,27.977441],[120.833008,27.937793],[120.833008,27.891455],[120.685156,27.74458],[120.661328,27.687891],[120.664844,27.639453],[120.5875,27.580762],[120.629102,27.482129],[120.60752,27.412402],[120.539844,27.318359],[120.468652,27.25625],[120.38457,27.155518],[120.278711,27.09707],[120.138574,26.886133],[120.097461,26.780664],[120.086719,26.671582],[120.042969,26.633838],[119.967773,26.586377],[119.882227,26.610449],[119.879492,26.683008],[119.842383,26.689307],[119.821289,26.736914],[119.815137,26.797607],[119.824219,26.846387],[119.788672,26.831494],[119.766699,26.774707],[119.710449,26.728662],[119.651563,26.747266],[119.588184,26.784961],[119.589941,26.730469],[119.623633,26.675879],[119.638184,26.621191],[119.725977,26.609424],[119.784766,26.546631],[119.831152,26.450195],[119.840332,26.41416],[119.876465,26.370947],[119.881055,26.33418],[119.797266,26.300146],[119.692676,26.236426],[119.56709,26.127344],[119.463086,26.054688],[119.369727,26.054053],[119.313086,26.062549],[119.232129,26.104395],[119.139453,26.121777],[119.26377,25.974805],[119.332031,25.94873],[119.417773,25.954346],[119.500879,26.00918],[119.61875,26.003564],[119.648242,25.918701],[119.616895,25.8229],[119.552832,25.698682],[119.539453,25.59126],[119.619141,25.437451],[119.622461,25.391162],[119.592773,25.368018],[119.499219,25.408643],[119.421777,25.459619],[119.34375,25.446289],[119.263086,25.468018],[119.180078,25.449805],[119.146289,25.414307],[119.169336,25.355713],[119.243555,25.307031],[119.285547,25.232227],[119.235547,25.205957],[119.024609,25.223438],[118.977539,25.209277],[118.914453,25.126807],[118.955664,25.004785],[118.909082,24.928906],[118.82207,24.911133],[118.70752,24.849805],[118.636914,24.835547],[118.640234,24.809082],[118.691797,24.782324],[118.719141,24.746143],[118.657031,24.621436],[118.560352,24.580371],[118.412012,24.600732],[118.295313,24.572754],[118.194531,24.62583],[118.087109,24.627002],[118.013867,24.559912],[118.005957,24.481982],[117.935059,24.474219],[117.896875,24.479834],[117.842676,24.474316],[117.848242,24.432471],[117.879004,24.395898],[118.024219,24.379639],[118.050586,24.327148],[118.056055,24.246094],[117.904102,24.106445],[117.839453,24.012305],[117.741699,24.014795],[117.667871,23.939258],[117.628223,23.836719],[117.579199,23.856982],[117.466406,23.840576],[117.433105,23.791699],[117.45957,23.771484],[117.462207,23.73623],[117.416992,23.620996],[117.367676,23.588623],[117.34668,23.635742],[117.330762,23.708789],[117.29082,23.714355],[117.225,23.647021],[117.148145,23.598779],[117.08252,23.57876],[117.032813,23.623437],[116.910645,23.64668],[116.860938,23.453076],[116.75957,23.38252],[116.712109,23.360498],[116.629395,23.353857],[116.682324,23.327393],[116.698828,23.277783],[116.669141,23.228174],[116.586426,23.218262],[116.538281,23.179688],[116.519824,23.006592],[116.470703,22.945898],[116.345508,22.941064],[116.251855,22.981348],[116.22207,22.949561],[116.206348,22.918652],[116.157422,22.887451],[116.062598,22.879102],[115.852148,22.801563],[115.755859,22.823926],[115.64043,22.853418],[115.561133,22.824707],[115.534668,22.765186],[115.49834,22.718848],[115.38252,22.718848],[115.289941,22.775977],[115.195801,22.817285],[115.091504,22.781689],[115.012109,22.708936],[114.914453,22.684619],[114.896387,22.639502],[114.853809,22.616797],[114.750391,22.626318],[114.711133,22.738721],[114.65166,22.755273],[114.592773,22.698437],[114.571973,22.654053],[114.544434,22.620605],[114.554199,22.528906],[114.496191,22.527051],[114.420117,22.583252],[114.340625,22.593213],[114.266016,22.540967],[114.228223,22.553955],[114.188184,22.56499],[114.122852,22.56499],[114.097852,22.55127],[114.050391,22.542969],[114.018262,22.514453],[114.01543,22.511914],[113.931152,22.531055],[113.82832,22.607227],[113.754492,22.733643],[113.661133,22.80166],[113.619629,22.861426],[113.603418,22.968896],[113.586328,23.02002],[113.592188,23.076953],[113.620508,23.12749],[113.519727,23.1021],[113.445312,23.055078],[113.460352,22.995703],[113.441895,22.940576],[113.331055,22.912012],[113.337793,22.888818],[113.344824,22.8646],[113.432031,22.789404],[113.449805,22.726123],[113.484766,22.692383],[113.553027,22.594043],[113.551465,22.40415],[113.588867,22.350488],[113.576465,22.297266],[113.549121,22.225195],[113.546777,22.224121],[113.527051,22.245947],[113.494141,22.241553],[113.481055,22.21748],[113.478906,22.195557],[113.473437,22.194434],[113.415723,22.178369],[113.367383,22.164844],[113.327734,22.14541],[113.266406,22.08877],[113.149023,22.075],[113.08877,22.207959],[113.008203,22.119336],[112.983789,21.938232],[112.953906,21.907324],[112.903809,21.881445],[112.808594,21.944629],[112.725391,21.902344],[112.660742,21.859473],[112.634082,21.819873],[112.586328,21.776855],[112.494727,21.818311],[112.421289,21.880615],[112.439453,21.927344],[112.429297,21.958105],[112.396094,21.981348],[112.359668,21.978027],[112.377441,21.91748],[112.389746,21.801221],[112.356445,21.767578],[112.30498,21.741699],[112.193359,21.763135],[112.117188,21.806494],[112.025195,21.843018],[111.943945,21.849658],[111.926465,21.77627],[111.873438,21.717139],[111.824609,21.709766],[111.775977,21.719238],[111.711914,21.655225],[111.681641,21.608496],[111.602734,21.559082],[111.392383,21.535107],[111.319141,21.486133],[111.220605,21.493896],[111.144238,21.482227],[111.100586,21.484717],[111.061133,21.510986],[111.016895,21.511719],[110.996777,21.430273],[110.878027,21.395947],[110.771094,21.386523],[110.652148,21.279102],[110.567187,21.214062],[110.504297,21.207422],[110.458008,21.230566],[110.43457,21.326904],[110.410937,21.338135],[110.397461,21.247705],[110.374609,21.172363],[110.331152,21.131348],[110.193555,21.037646],[110.154004,20.944629],[110.180371,20.858594],[110.36543,20.837598],[110.388477,20.790527],[110.370508,20.752051],[110.326172,20.719922],[110.313086,20.67168],[110.511523,20.518262],[110.517578,20.46001],[110.486914,20.426855],[110.449512,20.35542],[110.344727,20.294824],[110.123145,20.263721],[109.938477,20.295117],[109.88252,20.364063],[109.88584,20.413135],[109.931641,20.398877],[109.983887,20.403271],[109.968359,20.448145],[109.946387,20.474365],[109.861035,20.514307],[109.791992,20.621875],[109.805273,20.711475],[109.767383,20.780713],[109.72627,20.83877],[109.684766,20.873633],[109.662598,20.916895],[109.704492,21.052734],[109.68125,21.131641],[109.760156,21.228369],[109.77959,21.337451],[109.921094,21.376465],[109.930762,21.480566],[109.82959,21.483594],[109.759375,21.560059],[109.743359,21.527979],[109.686914,21.524609],[109.594336,21.671973],[109.566406,21.690576],[109.521484,21.693408],[109.544043,21.537939],[109.435547,21.479492],[109.34668,21.453955],[109.22041,21.443408],[109.148633,21.425537],[109.081543,21.440283],[109.098145,21.487354],[109.133496,21.543604],[109.101758,21.590479],[109.030566,21.626514],[108.921777,21.624414],[108.846387,21.634473],[108.77168,21.630469],[108.743945,21.65127],[108.674512,21.724658],[108.61582,21.770459],[108.589355,21.815967],[108.61582,21.868896],[108.59375,21.901025],[108.479883,21.904639],[108.480859,21.828809],[108.492578,21.739404],[108.525684,21.671387],[108.502148,21.633447],[108.444336,21.607324],[108.382812,21.679199],[108.35459,21.696924],[108.324805,21.693506],[108.302148,21.621924],[108.246289,21.558398],[108.145605,21.565186],[108.067383,21.525977],[107.972656,21.507959]]],[[[110.88877,19.991943],[110.938281,19.947559],[110.970703,19.883301],[110.997656,19.764697],[111.013672,19.655469],[110.912695,19.586084],[110.822266,19.55791],[110.640918,19.291211],[110.603125,19.207031],[110.572168,19.171875],[110.5625,19.135156],[110.566016,19.098535],[110.519336,18.970215],[110.477637,18.812598],[110.45127,18.747949],[110.399512,18.69834],[110.333691,18.673291],[110.29082,18.669531],[110.251758,18.655762],[110.15625,18.569824],[110.048535,18.505225],[110.066406,18.475635],[110.067383,18.447559],[110.020215,18.41626],[109.967676,18.42207],[109.815625,18.39668],[109.759766,18.348291],[109.702734,18.259131],[109.681055,18.247119],[109.589551,18.226318],[109.519336,18.218262],[109.400098,18.281104],[109.340918,18.299609],[109.183203,18.325146],[109.029883,18.367773],[108.922266,18.416113],[108.701563,18.535254],[108.676074,18.750244],[108.638086,18.866309],[108.635645,18.907715],[108.65,19.265039],[108.665527,19.304102],[108.693555,19.338281],[108.791016,19.418164],[108.902832,19.481348],[109.062891,19.613574],[109.179102,19.674121],[109.27666,19.761133],[109.219531,19.757471],[109.177441,19.768457],[109.218945,19.842822],[109.263477,19.882666],[109.314844,19.904395],[109.418164,19.888818],[109.513672,19.904248],[109.584277,19.970312],[109.651367,19.984375],[109.90625,19.962744],[110.083008,19.99292],[110.171582,20.053711],[110.213379,20.056055],[110.343945,20.038818],[110.392285,19.975586],[110.387988,20.018018],[110.393555,20.059229],[110.417578,20.054736],[110.588184,19.976367],[110.58877,20.072461],[110.59834,20.097607],[110.651758,20.137744],[110.678516,20.137061],[110.744531,20.059473],[110.809082,20.014404],[110.88877,19.991943]]]]}}]}